"species","trait","class","pct"
"Allacma gallica","body_shape","cylindrical",0
"Allacma gallica","body_shape","spherical",100
"Allacma gallica","ocelli","1_3",0
"Allacma gallica","ocelli","4_7",0
"Allacma gallica","ocelli","8",100
"Allacma gallica","ocelli","absent",0
"Allacma gallica","pigmentation","absent",0
"Allacma gallica","pigmentation","present",100
"Allacma gallica","reproduction","asexual",0
"Allacma gallica","reproduction","sexual",100
"Allacma gallica","scales","absent",100
"Allacma gallica","scales","present",0
"Arrhopalites caecus","body_shape","cylindrical",0
"Arrhopalites caecus","body_shape","spherical",100
"Arrhopalites caecus","furca","absent",0
"Arrhopalites caecus","furca","present",100
"Arrhopalites caecus","ocelli","1_3",100
"Arrhopalites caecus","ocelli","4_7",0
"Arrhopalites caecus","ocelli","8",0
"Arrhopalites caecus","ocelli","absent",0
"Arrhopalites caecus","pigmentation","absent",50
"Arrhopalites caecus","pigmentation","present",50
"Arrhopalites caecus","reproduction","asexual",100
"Arrhopalites caecus","reproduction","sexual",0
"Arrhopalites caecus","scales","absent",100
"Arrhopalites caecus","scales","present",0
"Arrhopalites pygmaeus","body_shape","cylindrical",0
"Arrhopalites pygmaeus","body_shape","spherical",100
"Arrhopalites pygmaeus","furca","absent",0
"Arrhopalites pygmaeus","furca","present",100
"Arrhopalites pygmaeus","ocelli","1_3",100
"Arrhopalites pygmaeus","ocelli","4_7",0
"Arrhopalites pygmaeus","ocelli","8",0
"Arrhopalites pygmaeus","ocelli","absent",0
"Arrhopalites pygmaeus","pigmentation","absent",50
"Arrhopalites pygmaeus","pigmentation","present",50
"Arrhopalites pygmaeus","reproduction","asexual",100
"Arrhopalites pygmaeus","reproduction","sexual",0
"Arrhopalites pygmaeus","scales","absent",100
"Arrhopalites pygmaeus","scales","present",0
"Bourletiella arvalis","body_shape","cylindrical",0
"Bourletiella arvalis","body_shape","spherical",100
"Bourletiella arvalis","furca","absent",0
"Bourletiella arvalis","furca","present",100
"Bourletiella arvalis","ocelli","1_3",0
"Bourletiella arvalis","ocelli","4_7",0
"Bourletiella arvalis","ocelli","8",100
"Bourletiella arvalis","ocelli","absent",0
"Bourletiella arvalis","pigmentation","absent",0
"Bourletiella arvalis","pigmentation","present",100
"Bourletiella arvalis","post_antennal_organ","absent",100
"Bourletiella arvalis","post_antennal_organ","present",0
"Bourletiella arvalis","reproduction","asexual",0
"Bourletiella arvalis","reproduction","sexual",100
"Bourletiella arvalis","scales","absent",100
"Bourletiella arvalis","scales","present",0
"Bourletiella hortensis","body_shape","cylindrical",0
"Bourletiella hortensis","body_shape","spherical",100
"Bourletiella hortensis","furca","absent",0
"Bourletiella hortensis","furca","present",100
"Bourletiella hortensis","ocelli","1_3",0
"Bourletiella hortensis","ocelli","4_7",0
"Bourletiella hortensis","ocelli","8",100
"Bourletiella hortensis","ocelli","absent",0
"Bourletiella hortensis","pigmentation","absent",0
"Bourletiella hortensis","pigmentation","present",100
"Bourletiella hortensis","post_antennal_organ","absent",100
"Bourletiella hortensis","post_antennal_organ","present",0
"Bourletiella hortensis","reproduction","asexual",0
"Bourletiella hortensis","reproduction","sexual",100
"Bourletiella hortensis","scales","absent",100
"Bourletiella hortensis","scales","present",0
"Brachystomella parvula","body_shape","cylindrical",100
"Brachystomella parvula","body_shape","spherical",0
"Brachystomella parvula","ocelli","1_3",0
"Brachystomella parvula","ocelli","4_7",0
"Brachystomella parvula","ocelli","8",100
"Brachystomella parvula","ocelli","absent",0
"Brachystomella parvula","pigmentation","absent",0
"Brachystomella parvula","pigmentation","present",100
"Brachystomella parvula","post_antennal_organ","absent",100
"Brachystomella parvula","post_antennal_organ","present",0
"Brachystomella parvula","reproduction","asexual",0
"Brachystomella parvula","reproduction","sexual",100
"Brachystomella parvula","scales","absent",100
"Brachystomella parvula","scales","present",0
"Caprainea marginata","body_shape","cylindrical",0
"Caprainea marginata","body_shape","spherical",100
"Caprainea marginata","furca","absent",0
"Caprainea marginata","furca","present",100
"Caprainea marginata","ocelli","1_3",0
"Caprainea marginata","ocelli","4_7",0
"Caprainea marginata","ocelli","8",100
"Caprainea marginata","ocelli","absent",0
"Caprainea marginata","pigmentation","absent",0
"Caprainea marginata","pigmentation","present",100
"Caprainea marginata","post_antennal_organ","absent",100
"Caprainea marginata","post_antennal_organ","present",0
"Caprainea marginata","reproduction","asexual",0
"Caprainea marginata","reproduction","sexual",100
"Caprainea marginata","scales","absent",100
"Caprainea marginata","scales","present",0
"Ceratophysella armata","body_shape","cylindrical",100
"Ceratophysella armata","body_shape","spherical",0
"Ceratophysella armata","furca","absent",0
"Ceratophysella armata","furca","present",100
"Ceratophysella armata","ocelli","1_3",0
"Ceratophysella armata","ocelli","4_7",0
"Ceratophysella armata","ocelli","8",100
"Ceratophysella armata","ocelli","absent",0
"Ceratophysella armata","pigmentation","absent",0
"Ceratophysella armata","pigmentation","present",100
"Ceratophysella armata","reproduction","asexual",0
"Ceratophysella armata","reproduction","sexual",100
"Ceratophysella armata","scales","absent",100
"Ceratophysella armata","scales","present",0
"Ceratophysella bengtssoni","body_shape","cylindrical",100
"Ceratophysella bengtssoni","body_shape","spherical",0
"Ceratophysella bengtssoni","furca","absent",0
"Ceratophysella bengtssoni","furca","present",100
"Ceratophysella bengtssoni","ocelli","1_3",0
"Ceratophysella bengtssoni","ocelli","4_7",0
"Ceratophysella bengtssoni","ocelli","8",100
"Ceratophysella bengtssoni","ocelli","absent",0
"Ceratophysella bengtssoni","pigmentation","absent",0
"Ceratophysella bengtssoni","pigmentation","present",100
"Ceratophysella bengtssoni","reproduction","asexual",0
"Ceratophysella bengtssoni","reproduction","sexual",100
"Ceratophysella bengtssoni","scales","absent",100
"Ceratophysella bengtssoni","scales","present",0
"Ceratophysella denticulata","body_shape","cylindrical",100
"Ceratophysella denticulata","body_shape","spherical",0
"Ceratophysella denticulata","furca","absent",0
"Ceratophysella denticulata","furca","present",100
"Ceratophysella denticulata","ocelli","1_3",0
"Ceratophysella denticulata","ocelli","4_7",0
"Ceratophysella denticulata","ocelli","8",100
"Ceratophysella denticulata","ocelli","absent",0
"Ceratophysella denticulata","pigmentation","absent",0
"Ceratophysella denticulata","pigmentation","present",100
"Ceratophysella denticulata","reproduction","asexual",0
"Ceratophysella denticulata","reproduction","sexual",100
"Ceratophysella denticulata","scales","absent",100
"Ceratophysella denticulata","scales","present",0
"Ceratophysella gibbosa","body_shape","cylindrical",100
"Ceratophysella gibbosa","body_shape","spherical",0
"Ceratophysella gibbosa","furca","absent",0
"Ceratophysella gibbosa","furca","present",100
"Ceratophysella gibbosa","ocelli","1_3",0
"Ceratophysella gibbosa","ocelli","4_7",0
"Ceratophysella gibbosa","ocelli","8",100
"Ceratophysella gibbosa","ocelli","absent",0
"Ceratophysella gibbosa","pigmentation","absent",0
"Ceratophysella gibbosa","pigmentation","present",100
"Ceratophysella gibbosa","reproduction","asexual",0
"Ceratophysella gibbosa","reproduction","sexual",100
"Ceratophysella gibbosa","scales","absent",100
"Ceratophysella gibbosa","scales","present",0
"Choreutinula inermis","body_shape","cylindrical",100
"Choreutinula inermis","body_shape","spherical",0
"Choreutinula inermis","furca","absent",0
"Choreutinula inermis","furca","present",100
"Choreutinula inermis","ocelli","1_3",0
"Choreutinula inermis","ocelli","4_7",0
"Choreutinula inermis","ocelli","8",100
"Choreutinula inermis","ocelli","absent",0
"Choreutinula inermis","pigmentation","absent",0
"Choreutinula inermis","pigmentation","present",100
"Choreutinula inermis","post_antennal_organ","absent",0
"Choreutinula inermis","post_antennal_organ","present",100
"Choreutinula inermis","scales","absent",100
"Choreutinula inermis","scales","present",0
"Coecobrya tenebricosa","body_shape","cylindrical",100
"Coecobrya tenebricosa","body_shape","spherical",0
"Coecobrya tenebricosa","furca","absent",0
"Coecobrya tenebricosa","furca","present",100
"Coecobrya tenebricosa","ocelli","1_3",0
"Coecobrya tenebricosa","ocelli","4_7",0
"Coecobrya tenebricosa","ocelli","8",0
"Coecobrya tenebricosa","ocelli","absent",100
"Coecobrya tenebricosa","pigmentation","absent",100
"Coecobrya tenebricosa","pigmentation","present",0
"Coecobrya tenebricosa","post_antennal_organ","absent",100
"Coecobrya tenebricosa","post_antennal_organ","present",0
"Coecobrya tenebricosa","reproduction","asexual",0
"Coecobrya tenebricosa","reproduction","sexual",100
"Coecobrya tenebricosa","scales","absent",100
"Coecobrya tenebricosa","scales","present",0
"Cryptopygus bipunctatus","body_shape","cylindrical",100
"Cryptopygus bipunctatus","body_shape","spherical",0
"Cryptopygus bipunctatus","furca","absent",0
"Cryptopygus bipunctatus","furca","present",100
"Cryptopygus bipunctatus","ocelli","1_3",100
"Cryptopygus bipunctatus","ocelli","4_7",0
"Cryptopygus bipunctatus","ocelli","8",0
"Cryptopygus bipunctatus","ocelli","absent",0
"Cryptopygus bipunctatus","pigmentation","absent",100
"Cryptopygus bipunctatus","pigmentation","present",0
"Cryptopygus bipunctatus","post_antennal_organ","absent",0
"Cryptopygus bipunctatus","post_antennal_organ","present",100
"Cryptopygus bipunctatus","reproduction","asexual",0
"Cryptopygus bipunctatus","reproduction","sexual",100
"Cryptopygus bipunctatus","scales","absent",100
"Cryptopygus bipunctatus","scales","present",0
"Cryptopygus garretti","body_shape","cylindrical",100
"Cryptopygus garretti","body_shape","spherical",0
"Cryptopygus garretti","furca","absent",0
"Cryptopygus garretti","furca","present",100
"Cryptopygus garretti","ocelli","1_3",0
"Cryptopygus garretti","ocelli","4_7",0
"Cryptopygus garretti","ocelli","8",0
"Cryptopygus garretti","ocelli","absent",100
"Cryptopygus garretti","pigmentation","absent",100
"Cryptopygus garretti","pigmentation","present",0
"Cryptopygus garretti","post_antennal_organ","absent",0
"Cryptopygus garretti","post_antennal_organ","present",100
"Cryptopygus garretti","scales","absent",100
"Cryptopygus garretti","scales","present",0
"Cryptopygus scapelliferus","body_shape","cylindrical",100
"Cryptopygus scapelliferus","body_shape","spherical",0
"Cryptopygus scapelliferus","furca","absent",0
"Cryptopygus scapelliferus","furca","present",100
"Cryptopygus scapelliferus","ocelli","1_3",0
"Cryptopygus scapelliferus","ocelli","4_7",0
"Cryptopygus scapelliferus","ocelli","8",0
"Cryptopygus scapelliferus","ocelli","absent",100
"Cryptopygus scapelliferus","pigmentation","absent",100
"Cryptopygus scapelliferus","pigmentation","present",0
"Cryptopygus scapelliferus","post_antennal_organ","absent",0
"Cryptopygus scapelliferus","post_antennal_organ","present",100
"Cryptopygus scapelliferus","reproduction","asexual",0
"Cryptopygus scapelliferus","reproduction","sexual",100
"Cryptopygus scapelliferus","scales","absent",100
"Cryptopygus scapelliferus","scales","present",0
"Cryptopygus thermophilus","body_shape","cylindrical",100
"Cryptopygus thermophilus","body_shape","spherical",0
"Cryptopygus thermophilus","furca","absent",0
"Cryptopygus thermophilus","furca","present",100
"Cryptopygus thermophilus","ocelli","1_3",0
"Cryptopygus thermophilus","ocelli","4_7",50
"Cryptopygus thermophilus","ocelli","8",50
"Cryptopygus thermophilus","ocelli","absent",0
"Cryptopygus thermophilus","pigmentation","absent",0
"Cryptopygus thermophilus","pigmentation","present",100
"Cryptopygus thermophilus","post_antennal_organ","absent",0
"Cryptopygus thermophilus","post_antennal_organ","present",100
"Cryptopygus thermophilus","reproduction","asexual",0
"Cryptopygus thermophilus","reproduction","sexual",100
"Cryptopygus thermophilus","scales","absent",100
"Cryptopygus thermophilus","scales","present",0
"Cyphoderus albinus","body_shape","cylindrical",100
"Cyphoderus albinus","body_shape","spherical",0
"Cyphoderus albinus","furca","absent",0
"Cyphoderus albinus","furca","present",100
"Cyphoderus albinus","ocelli","1_3",0
"Cyphoderus albinus","ocelli","4_7",0
"Cyphoderus albinus","ocelli","8",0
"Cyphoderus albinus","ocelli","absent",100
"Cyphoderus albinus","pigmentation","absent",100
"Cyphoderus albinus","pigmentation","present",0
"Cyphoderus albinus","reproduction","asexual",0
"Cyphoderus albinus","reproduction","sexual",100
"Cyphoderus albinus","scales","absent",100
"Cyphoderus albinus","scales","present",0
"Cyphoderus bidenticulatus","body_shape","cylindrical",100
"Cyphoderus bidenticulatus","body_shape","spherical",0
"Cyphoderus bidenticulatus","furca","absent",0
"Cyphoderus bidenticulatus","furca","present",100
"Cyphoderus bidenticulatus","ocelli","1_3",0
"Cyphoderus bidenticulatus","ocelli","4_7",0
"Cyphoderus bidenticulatus","ocelli","8",0
"Cyphoderus bidenticulatus","ocelli","absent",100
"Cyphoderus bidenticulatus","pigmentation","absent",100
"Cyphoderus bidenticulatus","pigmentation","present",0
"Cyphoderus bidenticulatus","post_antennal_organ","absent",100
"Cyphoderus bidenticulatus","post_antennal_organ","present",0
"Cyphoderus bidenticulatus","reproduction","asexual",0
"Cyphoderus bidenticulatus","reproduction","sexual",100
"Cyphoderus bidenticulatus","scales","absent",100
"Cyphoderus bidenticulatus","scales","present",0
"Desoria olivacea","body_shape","cylindrical",100
"Desoria olivacea","body_shape","spherical",0
"Desoria olivacea","furca","absent",0
"Desoria olivacea","furca","present",100
"Desoria olivacea","ocelli","1_3",0
"Desoria olivacea","ocelli","4_7",0
"Desoria olivacea","ocelli","8",100
"Desoria olivacea","ocelli","absent",0
"Desoria olivacea","pigmentation","absent",0
"Desoria olivacea","pigmentation","present",100
"Desoria olivacea","reproduction","asexual",0
"Desoria olivacea","reproduction","sexual",100
"Desoria olivacea","scales","absent",100
"Desoria olivacea","scales","present",0
"Desoria tigrina","body_shape","cylindrical",100
"Desoria tigrina","body_shape","spherical",0
"Desoria tigrina","furca","absent",0
"Desoria tigrina","furca","present",100
"Desoria tigrina","ocelli","1_3",0
"Desoria tigrina","ocelli","4_7",0
"Desoria tigrina","ocelli","8",100
"Desoria tigrina","ocelli","absent",0
"Desoria tigrina","pigmentation","absent",0
"Desoria tigrina","pigmentation","present",100
"Desoria tigrina","reproduction","asexual",0
"Desoria tigrina","reproduction","sexual",100
"Desoria tigrina","scales","absent",100
"Desoria tigrina","scales","present",0
"Desoria violacea","body_shape","cylindrical",100
"Desoria violacea","body_shape","spherical",0
"Desoria violacea","furca","absent",0
"Desoria violacea","furca","present",100
"Desoria violacea","ocelli","1_3",0
"Desoria violacea","ocelli","4_7",0
"Desoria violacea","ocelli","8",100
"Desoria violacea","ocelli","absent",0
"Desoria violacea","pigmentation","absent",0
"Desoria violacea","pigmentation","present",100
"Desoria violacea","reproduction","asexual",0
"Desoria violacea","reproduction","sexual",100
"Desoria violacea","scales","absent",100
"Desoria violacea","scales","present",0
"Detriturus jubilarius","body_shape","cylindrical",100
"Detriturus jubilarius","body_shape","spherical",0
"Detriturus jubilarius","furca","absent",100
"Detriturus jubilarius","furca","present",0
"Detriturus jubilarius","ocelli","1_3",0
"Detriturus jubilarius","ocelli","4_7",0
"Detriturus jubilarius","ocelli","8",0
"Detriturus jubilarius","ocelli","absent",100
"Detriturus jubilarius","pigmentation","absent",100
"Detriturus jubilarius","pigmentation","present",0
"Detriturus jubilarius","post_antennal_organ","absent",0
"Detriturus jubilarius","post_antennal_organ","present",100
"Detriturus jubilarius","reproduction","asexual",0
"Detriturus jubilarius","reproduction","sexual",100
"Detriturus jubilarius","scales","absent",100
"Detriturus jubilarius","scales","present",0
"Deuteraphorura inermis","body_shape","cylindrical",100
"Deuteraphorura inermis","body_shape","spherical",0
"Deuteraphorura inermis","furca","absent",100
"Deuteraphorura inermis","furca","present",0
"Deuteraphorura inermis","ocelli","1_3",0
"Deuteraphorura inermis","ocelli","4_7",0
"Deuteraphorura inermis","ocelli","8",0
"Deuteraphorura inermis","ocelli","absent",100
"Deuteraphorura inermis","pigmentation","absent",100
"Deuteraphorura inermis","pigmentation","present",0
"Deuteraphorura inermis","reproduction","asexual",0
"Deuteraphorura inermis","reproduction","sexual",100
"Deuteraphorura inermis","scales","absent",100
"Deuteraphorura inermis","scales","present",0
"Deuteraphorura scotaria","body_shape","cylindrical",100
"Deuteraphorura scotaria","body_shape","spherical",0
"Deuteraphorura scotaria","furca","absent",100
"Deuteraphorura scotaria","furca","present",0
"Deuteraphorura scotaria","ocelli","1_3",0
"Deuteraphorura scotaria","ocelli","4_7",0
"Deuteraphorura scotaria","ocelli","8",0
"Deuteraphorura scotaria","ocelli","absent",100
"Deuteraphorura scotaria","pigmentation","absent",100
"Deuteraphorura scotaria","pigmentation","present",0
"Deuteraphorura scotaria","post_antennal_organ","absent",0
"Deuteraphorura scotaria","post_antennal_organ","present",100
"Deuteraphorura scotaria","reproduction","asexual",0
"Deuteraphorura scotaria","reproduction","sexual",100
"Deuteraphorura scotaria","scales","absent",100
"Deuteraphorura scotaria","scales","present",0
"Dicyrtomina minuta","body_shape","cylindrical",0
"Dicyrtomina minuta","body_shape","spherical",100
"Dicyrtomina minuta","furca","absent",0
"Dicyrtomina minuta","furca","present",100
"Dicyrtomina minuta","pigmentation","absent",0
"Dicyrtomina minuta","pigmentation","present",100
"Dicyrtomina minuta","reproduction","asexual",0
"Dicyrtomina minuta","reproduction","sexual",100
"Dicyrtomina minuta","scales","absent",100
"Dicyrtomina minuta","scales","present",0
"Entomobrya lanuginosa","body_shape","cylindrical",100
"Entomobrya lanuginosa","body_shape","spherical",0
"Entomobrya lanuginosa","furca","absent",0
"Entomobrya lanuginosa","furca","present",100
"Entomobrya lanuginosa","ocelli","1_3",0
"Entomobrya lanuginosa","ocelli","4_7",0
"Entomobrya lanuginosa","ocelli","8",100
"Entomobrya lanuginosa","ocelli","absent",0
"Entomobrya lanuginosa","pigmentation","absent",0
"Entomobrya lanuginosa","pigmentation","present",100
"Entomobrya lanuginosa","post_antennal_organ","absent",0
"Entomobrya lanuginosa","post_antennal_organ","present",100
"Entomobrya lanuginosa","reproduction","asexual",0
"Entomobrya lanuginosa","reproduction","sexual",100
"Entomobrya lanuginosa","scales","absent",100
"Entomobrya lanuginosa","scales","present",0
"Entomobrya multisetis","body_shape","cylindrical",100
"Entomobrya multisetis","body_shape","spherical",0
"Entomobrya multisetis","furca","absent",0
"Entomobrya multisetis","furca","present",100
"Entomobrya multisetis","ocelli","1_3",0
"Entomobrya multisetis","ocelli","4_7",0
"Entomobrya multisetis","ocelli","8",100
"Entomobrya multisetis","ocelli","absent",0
"Entomobrya multisetis","pigmentation","absent",0
"Entomobrya multisetis","pigmentation","present",100
"Entomobrya multisetis","post_antennal_organ","absent",0
"Entomobrya multisetis","post_antennal_organ","present",100
"Entomobrya multisetis","reproduction","asexual",0
"Entomobrya multisetis","reproduction","sexual",100
"Entomobrya multisetis","scales","absent",100
"Entomobrya multisetis","scales","present",0
"Entomobrya nivalis","body_shape","cylindrical",100
"Entomobrya nivalis","body_shape","spherical",0
"Entomobrya nivalis","furca","absent",0
"Entomobrya nivalis","furca","present",100
"Entomobrya nivalis","ocelli","1_3",0
"Entomobrya nivalis","ocelli","4_7",0
"Entomobrya nivalis","ocelli","8",100
"Entomobrya nivalis","ocelli","absent",0
"Entomobrya nivalis","pigmentation","absent",0
"Entomobrya nivalis","pigmentation","present",100
"Entomobrya nivalis","post_antennal_organ","absent",100
"Entomobrya nivalis","post_antennal_organ","present",0
"Entomobrya nivalis","reproduction","asexual",0
"Entomobrya nivalis","reproduction","sexual",100
"Entomobrya nivalis","scales","absent",100
"Entomobrya nivalis","scales","present",0
"Entomobrya unostrigata","body_shape","cylindrical",100
"Entomobrya unostrigata","body_shape","spherical",0
"Entomobrya unostrigata","furca","absent",0
"Entomobrya unostrigata","furca","present",100
"Entomobrya unostrigata","ocelli","1_3",0
"Entomobrya unostrigata","ocelli","4_7",0
"Entomobrya unostrigata","ocelli","8",100
"Entomobrya unostrigata","ocelli","absent",0
"Entomobrya unostrigata","pigmentation","absent",0
"Entomobrya unostrigata","pigmentation","present",100
"Entomobrya unostrigata","post_antennal_organ","absent",100
"Entomobrya unostrigata","post_antennal_organ","present",0
"Entomobrya unostrigata","reproduction","asexual",0
"Entomobrya unostrigata","reproduction","sexual",100
"Entomobrya unostrigata","scales","absent",100
"Entomobrya unostrigata","scales","present",0
"Folsomia agrelli","body_shape","cylindrical",100
"Folsomia agrelli","body_shape","spherical",0
"Folsomia agrelli","furca","absent",0
"Folsomia agrelli","furca","present",100
"Folsomia agrelli","ocelli","1_3",100
"Folsomia agrelli","ocelli","4_7",0
"Folsomia agrelli","ocelli","8",0
"Folsomia agrelli","ocelli","absent",0
"Folsomia agrelli","pigmentation","absent",100
"Folsomia agrelli","pigmentation","present",0
"Folsomia agrelli","post_antennal_organ","absent",0
"Folsomia agrelli","post_antennal_organ","present",100
"Folsomia agrelli","reproduction","asexual",50
"Folsomia agrelli","reproduction","sexual",50
"Folsomia agrelli","scales","absent",100
"Folsomia agrelli","scales","present",0
"Folsomia candida","body_shape","cylindrical",100
"Folsomia candida","body_shape","spherical",0
"Folsomia candida","furca","absent",0
"Folsomia candida","furca","present",100
"Folsomia candida","ocelli","1_3",0
"Folsomia candida","ocelli","4_7",0
"Folsomia candida","ocelli","8",0
"Folsomia candida","ocelli","absent",100
"Folsomia candida","pigmentation","absent",100
"Folsomia candida","pigmentation","present",0
"Folsomia candida","post_antennal_organ","absent",0
"Folsomia candida","post_antennal_organ","present",100
"Folsomia candida","reproduction","asexual",100
"Folsomia candida","reproduction","sexual",0
"Folsomia candida","scales","absent",100
"Folsomia candida","scales","present",0
"Folsomia fimetarioides","body_shape","cylindrical",100
"Folsomia fimetarioides","body_shape","spherical",0
"Folsomia fimetarioides","furca","absent",0
"Folsomia fimetarioides","furca","present",100
"Folsomia fimetarioides","ocelli","1_3",0
"Folsomia fimetarioides","ocelli","4_7",0
"Folsomia fimetarioides","ocelli","8",0
"Folsomia fimetarioides","ocelli","absent",100
"Folsomia fimetarioides","pigmentation","absent",100
"Folsomia fimetarioides","pigmentation","present",0
"Folsomia fimetarioides","reproduction","asexual",0
"Folsomia fimetarioides","reproduction","sexual",100
"Folsomia fimetarioides","scales","absent",100
"Folsomia fimetarioides","scales","present",0
"Folsomia inoculata","body_shape","cylindrical",100
"Folsomia inoculata","body_shape","spherical",0
"Folsomia inoculata","furca","absent",0
"Folsomia inoculata","furca","present",100
"Folsomia inoculata","ocelli","1_3",0
"Folsomia inoculata","ocelli","4_7",0
"Folsomia inoculata","ocelli","8",0
"Folsomia inoculata","ocelli","absent",100
"Folsomia inoculata","pigmentation","absent",100
"Folsomia inoculata","pigmentation","present",0
"Folsomia inoculata","reproduction","asexual",0
"Folsomia inoculata","reproduction","sexual",100
"Folsomia inoculata","scales","absent",100
"Folsomia inoculata","scales","present",0
"Folsomia manolachei","body_shape","cylindrical",100
"Folsomia manolachei","body_shape","spherical",0
"Folsomia manolachei","furca","absent",0
"Folsomia manolachei","furca","present",100
"Folsomia manolachei","ocelli","1_3",100
"Folsomia manolachei","ocelli","4_7",0
"Folsomia manolachei","ocelli","8",0
"Folsomia manolachei","ocelli","absent",0
"Folsomia manolachei","pigmentation","absent",100
"Folsomia manolachei","pigmentation","present",0
"Folsomia manolachei","scales","absent",100
"Folsomia manolachei","scales","present",0
"Folsomia quadrioculata","body_shape","cylindrical",100
"Folsomia quadrioculata","body_shape","spherical",0
"Folsomia quadrioculata","furca","absent",0
"Folsomia quadrioculata","furca","present",100
"Folsomia quadrioculata","ocelli","1_3",100
"Folsomia quadrioculata","ocelli","4_7",0
"Folsomia quadrioculata","ocelli","8",0
"Folsomia quadrioculata","ocelli","absent",0
"Folsomia quadrioculata","pigmentation","absent",17
"Folsomia quadrioculata","pigmentation","present",83
"Folsomia quadrioculata","post_antennal_organ","absent",0
"Folsomia quadrioculata","post_antennal_organ","present",100
"Folsomia quadrioculata","reproduction","asexual",0
"Folsomia quadrioculata","reproduction","sexual",100
"Folsomia quadrioculata","scales","absent",100
"Folsomia quadrioculata","scales","present",0
"Folsomia setosa","body_shape","cylindrical",100
"Folsomia setosa","body_shape","spherical",0
"Folsomia setosa","furca","absent",0
"Folsomia setosa","furca","present",100
"Folsomia setosa","ocelli","1_3",0
"Folsomia setosa","ocelli","4_7",100
"Folsomia setosa","ocelli","8",0
"Folsomia setosa","ocelli","absent",0
"Folsomia setosa","pigmentation","absent",100
"Folsomia setosa","pigmentation","present",0
"Folsomia setosa","reproduction","asexual",0
"Folsomia setosa","reproduction","sexual",100
"Folsomia setosa","scales","absent",100
"Folsomia setosa","scales","present",0
"Folsomia sexoculata","body_shape","cylindrical",100
"Folsomia sexoculata","body_shape","spherical",0
"Folsomia sexoculata","furca","absent",0
"Folsomia sexoculata","furca","present",100
"Folsomia sexoculata","ocelli","1_3",100
"Folsomia sexoculata","ocelli","4_7",0
"Folsomia sexoculata","ocelli","8",0
"Folsomia sexoculata","ocelli","absent",0
"Folsomia sexoculata","pigmentation","absent",20
"Folsomia sexoculata","pigmentation","present",80
"Folsomia sexoculata","reproduction","asexual",0
"Folsomia sexoculata","reproduction","sexual",100
"Folsomia sexoculata","scales","absent",100
"Folsomia sexoculata","scales","present",0
"Folsomia similis","body_shape","cylindrical",100
"Folsomia similis","body_shape","spherical",0
"Folsomia similis","furca","absent",0
"Folsomia similis","furca","present",100
"Folsomia similis","ocelli","1_3",100
"Folsomia similis","ocelli","4_7",0
"Folsomia similis","ocelli","8",0
"Folsomia similis","ocelli","absent",0
"Folsomia similis","pigmentation","absent",100
"Folsomia similis","pigmentation","present",0
"Folsomia similis","post_antennal_organ","absent",0
"Folsomia similis","post_antennal_organ","present",100
"Folsomia similis","reproduction","asexual",0
"Folsomia similis","reproduction","sexual",100
"Folsomia similis","scales","absent",100
"Folsomia similis","scales","present",0
"Folsomia spinosa","body_shape","cylindrical",100
"Folsomia spinosa","body_shape","spherical",0
"Folsomia spinosa","furca","absent",0
"Folsomia spinosa","furca","present",100
"Folsomia spinosa","ocelli","1_3",0
"Folsomia spinosa","ocelli","4_7",0
"Folsomia spinosa","ocelli","8",0
"Folsomia spinosa","ocelli","absent",100
"Folsomia spinosa","pigmentation","absent",25
"Folsomia spinosa","pigmentation","present",75
"Folsomia spinosa","post_antennal_organ","absent",0
"Folsomia spinosa","post_antennal_organ","present",100
"Folsomia spinosa","reproduction","asexual",100
"Folsomia spinosa","reproduction","sexual",0
"Folsomia spinosa","scales","absent",100
"Folsomia spinosa","scales","present",0
"Folsomides parvulus","body_shape","cylindrical",100
"Folsomides parvulus","body_shape","spherical",0
"Folsomides parvulus","furca","absent",0
"Folsomides parvulus","furca","present",100
"Folsomides parvulus","ocelli","1_3",100
"Folsomides parvulus","ocelli","4_7",0
"Folsomides parvulus","ocelli","8",0
"Folsomides parvulus","ocelli","absent",0
"Folsomides parvulus","pigmentation","absent",75
"Folsomides parvulus","pigmentation","present",25
"Folsomides parvulus","post_antennal_organ","absent",0
"Folsomides parvulus","post_antennal_organ","present",100
"Folsomides parvulus","reproduction","asexual",100
"Folsomides parvulus","reproduction","sexual",0
"Folsomides parvulus","scales","absent",100
"Folsomides parvulus","scales","present",0
"Friesea claviseta","body_shape","cylindrical",100
"Friesea claviseta","body_shape","spherical",0
"Friesea claviseta","furca","absent",0
"Friesea claviseta","furca","present",100
"Friesea claviseta","ocelli","1_3",0
"Friesea claviseta","ocelli","4_7",0
"Friesea claviseta","ocelli","8",100
"Friesea claviseta","ocelli","absent",0
"Friesea claviseta","pigmentation","absent",0
"Friesea claviseta","pigmentation","present",100
"Friesea claviseta","post_antennal_organ","absent",100
"Friesea claviseta","post_antennal_organ","present",0
"Friesea claviseta","reproduction","asexual",0
"Friesea claviseta","reproduction","sexual",100
"Friesea claviseta","scales","absent",100
"Friesea claviseta","scales","present",0
"Friesea truncata","body_shape","cylindrical",100
"Friesea truncata","body_shape","spherical",0
"Friesea truncata","furca","absent",0
"Friesea truncata","furca","present",100
"Friesea truncata","ocelli","1_3",0
"Friesea truncata","ocelli","4_7",0
"Friesea truncata","ocelli","8",100
"Friesea truncata","ocelli","absent",0
"Friesea truncata","pigmentation","absent",0
"Friesea truncata","pigmentation","present",100
"Friesea truncata","post_antennal_organ","absent",100
"Friesea truncata","post_antennal_organ","present",0
"Friesea truncata","reproduction","asexual",0
"Friesea truncata","reproduction","sexual",100
"Friesea truncata","scales","absent",100
"Friesea truncata","scales","present",0
"Frisea mirabilis","body_shape","cylindrical",100
"Frisea mirabilis","body_shape","spherical",0
"Frisea mirabilis","furca","absent",0
"Frisea mirabilis","furca","present",100
"Frisea mirabilis","ocelli","1_3",0
"Frisea mirabilis","ocelli","4_7",0
"Frisea mirabilis","ocelli","8",100
"Frisea mirabilis","ocelli","absent",0
"Frisea mirabilis","pigmentation","absent",0
"Frisea mirabilis","pigmentation","present",100
"Frisea mirabilis","post_antennal_organ","absent",100
"Frisea mirabilis","post_antennal_organ","present",0
"Frisea mirabilis","reproduction","asexual",0
"Frisea mirabilis","reproduction","sexual",100
"Frisea mirabilis","scales","absent",100
"Frisea mirabilis","scales","present",0
"Heteromurus major","body_shape","cylindrical",100
"Heteromurus major","body_shape","spherical",0
"Heteromurus major","furca","absent",0
"Heteromurus major","furca","present",100
"Heteromurus major","ocelli","1_3",0
"Heteromurus major","ocelli","4_7",0
"Heteromurus major","ocelli","8",100
"Heteromurus major","ocelli","absent",0
"Heteromurus major","pigmentation","absent",0
"Heteromurus major","pigmentation","present",100
"Heteromurus major","reproduction","asexual",0
"Heteromurus major","reproduction","sexual",100
"Heteromurus major","scales","absent",0
"Heteromurus major","scales","present",100
"Heteromurus nitidus","body_shape","cylindrical",100
"Heteromurus nitidus","body_shape","spherical",0
"Heteromurus nitidus","furca","absent",0
"Heteromurus nitidus","furca","present",100
"Heteromurus nitidus","ocelli","1_3",100
"Heteromurus nitidus","ocelli","4_7",0
"Heteromurus nitidus","ocelli","8",0
"Heteromurus nitidus","ocelli","absent",0
"Heteromurus nitidus","pigmentation","absent",25
"Heteromurus nitidus","pigmentation","present",75
"Heteromurus nitidus","reproduction","asexual",0
"Heteromurus nitidus","reproduction","sexual",100
"Heteromurus nitidus","scales","absent",0
"Heteromurus nitidus","scales","present",100
"Hypogastrura assimilis","body_shape","cylindrical",100
"Hypogastrura assimilis","body_shape","spherical",0
"Hypogastrura assimilis","furca","absent",0
"Hypogastrura assimilis","furca","present",100
"Hypogastrura assimilis","ocelli","1_3",0
"Hypogastrura assimilis","ocelli","4_7",0
"Hypogastrura assimilis","ocelli","8",100
"Hypogastrura assimilis","ocelli","absent",0
"Hypogastrura assimilis","pigmentation","absent",0
"Hypogastrura assimilis","pigmentation","present",100
"Hypogastrura assimilis","post_antennal_organ","absent",0
"Hypogastrura assimilis","post_antennal_organ","present",100
"Hypogastrura assimilis","reproduction","asexual",0
"Hypogastrura assimilis","reproduction","sexual",100
"Hypogastrura assimilis","scales","absent",100
"Hypogastrura assimilis","scales","present",0
"Hypogastrura manubrialis","body_shape","cylindrical",100
"Hypogastrura manubrialis","body_shape","spherical",0
"Hypogastrura manubrialis","furca","absent",0
"Hypogastrura manubrialis","furca","present",100
"Hypogastrura manubrialis","ocelli","1_3",0
"Hypogastrura manubrialis","ocelli","4_7",0
"Hypogastrura manubrialis","ocelli","8",100
"Hypogastrura manubrialis","ocelli","absent",0
"Hypogastrura manubrialis","pigmentation","absent",0
"Hypogastrura manubrialis","pigmentation","present",100
"Hypogastrura manubrialis","post_antennal_organ","absent",0
"Hypogastrura manubrialis","post_antennal_organ","present",100
"Hypogastrura manubrialis","reproduction","asexual",0
"Hypogastrura manubrialis","reproduction","sexual",100
"Hypogastrura manubrialis","scales","absent",100
"Hypogastrura manubrialis","scales","present",0
"Hypogastrura meridionalis","body_shape","cylindrical",100
"Hypogastrura meridionalis","body_shape","spherical",0
"Hypogastrura meridionalis","furca","absent",0
"Hypogastrura meridionalis","furca","present",100
"Hypogastrura meridionalis","ocelli","1_3",0
"Hypogastrura meridionalis","ocelli","4_7",0
"Hypogastrura meridionalis","ocelli","8",100
"Hypogastrura meridionalis","ocelli","absent",0
"Hypogastrura meridionalis","pigmentation","absent",0
"Hypogastrura meridionalis","pigmentation","present",100
"Hypogastrura meridionalis","reproduction","asexual",0
"Hypogastrura meridionalis","reproduction","sexual",100
"Hypogastrura meridionalis","scales","absent",100
"Hypogastrura meridionalis","scales","present",0
"Hypogastrura purpurescens","body_shape","cylindrical",100
"Hypogastrura purpurescens","body_shape","spherical",0
"Hypogastrura purpurescens","furca","absent",0
"Hypogastrura purpurescens","furca","present",100
"Hypogastrura purpurescens","ocelli","1_3",0
"Hypogastrura purpurescens","ocelli","4_7",0
"Hypogastrura purpurescens","ocelli","8",100
"Hypogastrura purpurescens","ocelli","absent",0
"Hypogastrura purpurescens","pigmentation","absent",0
"Hypogastrura purpurescens","pigmentation","present",100
"Hypogastrura purpurescens","post_antennal_organ","absent",0
"Hypogastrura purpurescens","post_antennal_organ","present",100
"Hypogastrura purpurescens","reproduction","asexual",0
"Hypogastrura purpurescens","reproduction","sexual",100
"Hypogastrura purpurescens","scales","absent",100
"Hypogastrura purpurescens","scales","present",0
"Hypogastrura sahlbergi","body_shape","cylindrical",100
"Hypogastrura sahlbergi","body_shape","spherical",0
"Hypogastrura sahlbergi","furca","absent",0
"Hypogastrura sahlbergi","furca","present",100
"Hypogastrura sahlbergi","ocelli","1_3",0
"Hypogastrura sahlbergi","ocelli","4_7",0
"Hypogastrura sahlbergi","ocelli","8",100
"Hypogastrura sahlbergi","ocelli","absent",0
"Hypogastrura sahlbergi","pigmentation","absent",0
"Hypogastrura sahlbergi","pigmentation","present",100
"Hypogastrura sahlbergi","post_antennal_organ","absent",0
"Hypogastrura sahlbergi","post_antennal_organ","present",100
"Hypogastrura sahlbergi","reproduction","asexual",0
"Hypogastrura sahlbergi","reproduction","sexual",100
"Hypogastrura sahlbergi","scales","absent",100
"Hypogastrura sahlbergi","scales","present",0
"Hypogastrura vernalis","body_shape","cylindrical",100
"Hypogastrura vernalis","body_shape","spherical",0
"Hypogastrura vernalis","furca","absent",0
"Hypogastrura vernalis","furca","present",100
"Hypogastrura vernalis","ocelli","1_3",0
"Hypogastrura vernalis","ocelli","4_7",0
"Hypogastrura vernalis","ocelli","8",100
"Hypogastrura vernalis","ocelli","absent",0
"Hypogastrura vernalis","pigmentation","absent",0
"Hypogastrura vernalis","pigmentation","present",100
"Hypogastrura vernalis","post_antennal_organ","absent",0
"Hypogastrura vernalis","post_antennal_organ","present",100
"Hypogastrura vernalis","reproduction","asexual",0
"Hypogastrura vernalis","reproduction","sexual",100
"Hypogastrura vernalis","scales","absent",100
"Hypogastrura vernalis","scales","present",0
"Isotoma anglicana","body_shape","cylindrical",100
"Isotoma anglicana","body_shape","spherical",0
"Isotoma anglicana","furca","absent",0
"Isotoma anglicana","furca","present",100
"Isotoma anglicana","ocelli","1_3",0
"Isotoma anglicana","ocelli","4_7",0
"Isotoma anglicana","ocelli","8",100
"Isotoma anglicana","ocelli","absent",0
"Isotoma anglicana","pigmentation","absent",0
"Isotoma anglicana","pigmentation","present",100
"Isotoma anglicana","post_antennal_organ","absent",0
"Isotoma anglicana","post_antennal_organ","present",100
"Isotoma anglicana","reproduction","asexual",0
"Isotoma anglicana","reproduction","sexual",100
"Isotoma anglicana","scales","absent",100
"Isotoma anglicana","scales","present",0
"Isotoma antennalis","body_shape","cylindrical",100
"Isotoma antennalis","body_shape","spherical",0
"Isotoma antennalis","furca","absent",0
"Isotoma antennalis","furca","present",100
"Isotoma antennalis","ocelli","1_3",0
"Isotoma antennalis","ocelli","4_7",0
"Isotoma antennalis","ocelli","8",100
"Isotoma antennalis","ocelli","absent",0
"Isotoma antennalis","pigmentation","absent",0
"Isotoma antennalis","pigmentation","present",100
"Isotoma antennalis","scales","absent",100
"Isotoma antennalis","scales","present",0
"Isotoma viridis","body_shape","cylindrical",100
"Isotoma viridis","body_shape","spherical",0
"Isotoma viridis","furca","absent",0
"Isotoma viridis","furca","present",100
"Isotoma viridis","ocelli","1_3",0
"Isotoma viridis","ocelli","4_7",0
"Isotoma viridis","ocelli","8",100
"Isotoma viridis","ocelli","absent",0
"Isotoma viridis","pigmentation","absent",0
"Isotoma viridis","pigmentation","present",100
"Isotoma viridis","post_antennal_organ","absent",0
"Isotoma viridis","post_antennal_organ","present",100
"Isotoma viridis","reproduction","asexual",0
"Isotoma viridis","reproduction","sexual",100
"Isotoma viridis","scales","absent",100
"Isotoma viridis","scales","present",0
"Isotomiella minor","body_shape","cylindrical",100
"Isotomiella minor","body_shape","spherical",0
"Isotomiella minor","furca","absent",0
"Isotomiella minor","furca","present",100
"Isotomiella minor","ocelli","1_3",0
"Isotomiella minor","ocelli","4_7",0
"Isotomiella minor","ocelli","8",0
"Isotomiella minor","ocelli","absent",100
"Isotomiella minor","pigmentation","absent",100
"Isotomiella minor","pigmentation","present",0
"Isotomiella minor","post_antennal_organ","absent",100
"Isotomiella minor","post_antennal_organ","present",0
"Isotomiella minor","reproduction","asexual",100
"Isotomiella minor","reproduction","sexual",0
"Isotomiella minor","scales","absent",100
"Isotomiella minor","scales","present",0
"Isotomodes bisetosus","body_shape","cylindrical",100
"Isotomodes bisetosus","body_shape","spherical",0
"Isotomodes bisetosus","furca","absent",0
"Isotomodes bisetosus","furca","present",100
"Isotomodes bisetosus","ocelli","1_3",0
"Isotomodes bisetosus","ocelli","4_7",0
"Isotomodes bisetosus","ocelli","8",0
"Isotomodes bisetosus","ocelli","absent",100
"Isotomodes bisetosus","pigmentation","absent",100
"Isotomodes bisetosus","pigmentation","present",0
"Isotomodes bisetosus","post_antennal_organ","absent",100
"Isotomodes bisetosus","post_antennal_organ","present",0
"Isotomodes bisetosus","reproduction","asexual",100
"Isotomodes bisetosus","reproduction","sexual",0
"Isotomodes bisetosus","scales","absent",100
"Isotomodes bisetosus","scales","present",0
"Isotomodes productus","body_shape","cylindrical",100
"Isotomodes productus","body_shape","spherical",0
"Isotomodes productus","furca","absent",0
"Isotomodes productus","furca","present",100
"Isotomodes productus","ocelli","1_3",0
"Isotomodes productus","ocelli","4_7",0
"Isotomodes productus","ocelli","8",0
"Isotomodes productus","ocelli","absent",100
"Isotomodes productus","pigmentation","absent",100
"Isotomodes productus","pigmentation","present",0
"Isotomodes productus","reproduction","asexual",100
"Isotomodes productus","reproduction","sexual",0
"Isotomodes productus","scales","absent",100
"Isotomodes productus","scales","present",0
"Isotomodes trisetosus","body_shape","cylindrical",100
"Isotomodes trisetosus","body_shape","spherical",0
"Isotomodes trisetosus","furca","absent",0
"Isotomodes trisetosus","furca","present",100
"Isotomodes trisetosus","ocelli","1_3",0
"Isotomodes trisetosus","ocelli","4_7",0
"Isotomodes trisetosus","ocelli","8",0
"Isotomodes trisetosus","ocelli","absent",100
"Isotomodes trisetosus","pigmentation","absent",100
"Isotomodes trisetosus","pigmentation","present",0
"Isotomodes trisetosus","post_antennal_organ","absent",0
"Isotomodes trisetosus","post_antennal_organ","present",100
"Isotomodes trisetosus","reproduction","asexual",100
"Isotomodes trisetosus","reproduction","sexual",0
"Isotomodes trisetosus","scales","absent",100
"Isotomodes trisetosus","scales","present",0
"Isotomurus antennalis","body_shape","cylindrical",100
"Isotomurus antennalis","body_shape","spherical",0
"Isotomurus antennalis","furca","absent",0
"Isotomurus antennalis","furca","present",100
"Isotomurus antennalis","ocelli","1_3",0
"Isotomurus antennalis","ocelli","4_7",0
"Isotomurus antennalis","ocelli","8",100
"Isotomurus antennalis","ocelli","absent",0
"Isotomurus antennalis","pigmentation","absent",0
"Isotomurus antennalis","pigmentation","present",100
"Isotomurus antennalis","reproduction","asexual",0
"Isotomurus antennalis","reproduction","sexual",100
"Isotomurus antennalis","scales","absent",100
"Isotomurus antennalis","scales","present",0
"Isotomurus palustris","body_shape","cylindrical",100
"Isotomurus palustris","body_shape","spherical",0
"Isotomurus palustris","furca","absent",0
"Isotomurus palustris","furca","present",100
"Isotomurus palustris","ocelli","1_3",0
"Isotomurus palustris","ocelli","4_7",0
"Isotomurus palustris","ocelli","8",100
"Isotomurus palustris","ocelli","absent",0
"Isotomurus palustris","pigmentation","absent",0
"Isotomurus palustris","pigmentation","present",100
"Isotomurus palustris","reproduction","asexual",0
"Isotomurus palustris","reproduction","sexual",100
"Isotomurus palustris","scales","absent",100
"Isotomurus palustris","scales","present",0
"Isotomurus plumosus","body_shape","cylindrical",100
"Isotomurus plumosus","body_shape","spherical",0
"Isotomurus plumosus","furca","absent",0
"Isotomurus plumosus","furca","present",100
"Isotomurus plumosus","ocelli","1_3",0
"Isotomurus plumosus","ocelli","4_7",0
"Isotomurus plumosus","ocelli","8",100
"Isotomurus plumosus","ocelli","absent",0
"Isotomurus plumosus","pigmentation","absent",0
"Isotomurus plumosus","pigmentation","present",100
"Isotomurus plumosus","reproduction","asexual",0
"Isotomurus plumosus","reproduction","sexual",100
"Isotomurus plumosus","scales","absent",100
"Isotomurus plumosus","scales","present",0
"Kalaphorura burmeisteri","body_shape","cylindrical",100
"Kalaphorura burmeisteri","body_shape","spherical",0
"Kalaphorura burmeisteri","furca","absent",100
"Kalaphorura burmeisteri","furca","present",0
"Kalaphorura burmeisteri","ocelli","1_3",0
"Kalaphorura burmeisteri","ocelli","4_7",0
"Kalaphorura burmeisteri","ocelli","8",0
"Kalaphorura burmeisteri","ocelli","absent",100
"Kalaphorura burmeisteri","pigmentation","absent",100
"Kalaphorura burmeisteri","pigmentation","present",0
"Kalaphorura burmeisteri","post_antennal_organ","absent",0
"Kalaphorura burmeisteri","post_antennal_organ","present",100
"Kalaphorura burmeisteri","scales","absent",100
"Kalaphorura burmeisteri","scales","present",0
"Lepidocyrtus curvicollis","body_shape","cylindrical",100
"Lepidocyrtus curvicollis","body_shape","spherical",0
"Lepidocyrtus curvicollis","furca","absent",0
"Lepidocyrtus curvicollis","furca","present",100
"Lepidocyrtus curvicollis","ocelli","1_3",0
"Lepidocyrtus curvicollis","ocelli","4_7",0
"Lepidocyrtus curvicollis","ocelli","8",100
"Lepidocyrtus curvicollis","ocelli","absent",0
"Lepidocyrtus curvicollis","pigmentation","absent",14
"Lepidocyrtus curvicollis","pigmentation","present",86
"Lepidocyrtus curvicollis","reproduction","asexual",0
"Lepidocyrtus curvicollis","reproduction","sexual",100
"Lepidocyrtus curvicollis","scales","absent",0
"Lepidocyrtus curvicollis","scales","present",100
"Lepidocyrtus cyaneus","body_shape","cylindrical",100
"Lepidocyrtus cyaneus","body_shape","spherical",0
"Lepidocyrtus cyaneus","furca","absent",0
"Lepidocyrtus cyaneus","furca","present",100
"Lepidocyrtus cyaneus","ocelli","1_3",0
"Lepidocyrtus cyaneus","ocelli","4_7",0
"Lepidocyrtus cyaneus","ocelli","8",100
"Lepidocyrtus cyaneus","ocelli","absent",0
"Lepidocyrtus cyaneus","pigmentation","absent",0
"Lepidocyrtus cyaneus","pigmentation","present",100
"Lepidocyrtus cyaneus","post_antennal_organ","absent",100
"Lepidocyrtus cyaneus","post_antennal_organ","present",0
"Lepidocyrtus cyaneus","reproduction","asexual",0
"Lepidocyrtus cyaneus","reproduction","sexual",100
"Lepidocyrtus cyaneus","scales","absent",0
"Lepidocyrtus cyaneus","scales","present",100
"Lepidocyrtus lanuginosus","body_shape","cylindrical",100
"Lepidocyrtus lanuginosus","body_shape","spherical",0
"Lepidocyrtus lanuginosus","furca","absent",0
"Lepidocyrtus lanuginosus","furca","present",100
"Lepidocyrtus lanuginosus","ocelli","1_3",0
"Lepidocyrtus lanuginosus","ocelli","4_7",0
"Lepidocyrtus lanuginosus","ocelli","8",100
"Lepidocyrtus lanuginosus","ocelli","absent",0
"Lepidocyrtus lanuginosus","pigmentation","absent",75
"Lepidocyrtus lanuginosus","pigmentation","present",25
"Lepidocyrtus lanuginosus","post_antennal_organ","absent",100
"Lepidocyrtus lanuginosus","post_antennal_organ","present",0
"Lepidocyrtus lanuginosus","reproduction","asexual",0
"Lepidocyrtus lanuginosus","reproduction","sexual",100
"Lepidocyrtus lanuginosus","scales","absent",0
"Lepidocyrtus lanuginosus","scales","present",100
"Lepidocyrtus lignorum","body_shape","cylindrical",100
"Lepidocyrtus lignorum","body_shape","spherical",0
"Lepidocyrtus lignorum","furca","absent",0
"Lepidocyrtus lignorum","furca","present",100
"Lepidocyrtus lignorum","ocelli","1_3",0
"Lepidocyrtus lignorum","ocelli","4_7",0
"Lepidocyrtus lignorum","ocelli","8",100
"Lepidocyrtus lignorum","ocelli","absent",0
"Lepidocyrtus lignorum","pigmentation","absent",20
"Lepidocyrtus lignorum","pigmentation","present",80
"Lepidocyrtus lignorum","post_antennal_organ","absent",100
"Lepidocyrtus lignorum","post_antennal_organ","present",0
"Lepidocyrtus lignorum","reproduction","asexual",0
"Lepidocyrtus lignorum","reproduction","sexual",100
"Lepidocyrtus lignorum","scales","absent",0
"Lepidocyrtus lignorum","scales","present",100
"Lepidocyrtus violaceus","body_shape","cylindrical",100
"Lepidocyrtus violaceus","body_shape","spherical",0
"Lepidocyrtus violaceus","furca","absent",0
"Lepidocyrtus violaceus","furca","present",100
"Lepidocyrtus violaceus","ocelli","1_3",0
"Lepidocyrtus violaceus","ocelli","4_7",0
"Lepidocyrtus violaceus","ocelli","8",100
"Lepidocyrtus violaceus","ocelli","absent",0
"Lepidocyrtus violaceus","pigmentation","absent",0
"Lepidocyrtus violaceus","pigmentation","present",100
"Lepidocyrtus violaceus","post_antennal_organ","absent",100
"Lepidocyrtus violaceus","post_antennal_organ","present",0
"Lepidocyrtus violaceus","reproduction","asexual",0
"Lepidocyrtus violaceus","reproduction","sexual",100
"Lepidocyrtus violaceus","scales","absent",0
"Lepidocyrtus violaceus","scales","present",100
"Megalothorax minimus","body_shape","cylindrical",0
"Megalothorax minimus","body_shape","spherical",100
"Megalothorax minimus","furca","absent",0
"Megalothorax minimus","furca","present",100
"Megalothorax minimus","ocelli","1_3",0
"Megalothorax minimus","ocelli","4_7",0
"Megalothorax minimus","ocelli","8",0
"Megalothorax minimus","ocelli","absent",100
"Megalothorax minimus","pigmentation","absent",50
"Megalothorax minimus","pigmentation","present",50
"Megalothorax minimus","reproduction","asexual",100
"Megalothorax minimus","reproduction","sexual",0
"Megalothorax minimus","scales","absent",100
"Megalothorax minimus","scales","present",0
"Mesaphorura florae","body_shape","cylindrical",100
"Mesaphorura florae","body_shape","spherical",0
"Mesaphorura florae","furca","absent",100
"Mesaphorura florae","furca","present",0
"Mesaphorura florae","ocelli","1_3",0
"Mesaphorura florae","ocelli","4_7",0
"Mesaphorura florae","ocelli","8",0
"Mesaphorura florae","ocelli","absent",100
"Mesaphorura florae","pigmentation","absent",100
"Mesaphorura florae","pigmentation","present",0
"Mesaphorura florae","post_antennal_organ","absent",0
"Mesaphorura florae","post_antennal_organ","present",100
"Mesaphorura florae","reproduction","asexual",100
"Mesaphorura florae","reproduction","sexual",0
"Mesaphorura florae","scales","absent",100
"Mesaphorura florae","scales","present",0
"Mesaphorura hylophila","body_shape","cylindrical",100
"Mesaphorura hylophila","body_shape","spherical",0
"Mesaphorura hylophila","furca","absent",100
"Mesaphorura hylophila","furca","present",0
"Mesaphorura hylophila","ocelli","1_3",0
"Mesaphorura hylophila","ocelli","4_7",0
"Mesaphorura hylophila","ocelli","8",0
"Mesaphorura hylophila","ocelli","absent",100
"Mesaphorura hylophila","pigmentation","absent",100
"Mesaphorura hylophila","pigmentation","present",0
"Mesaphorura hylophila","post_antennal_organ","absent",0
"Mesaphorura hylophila","post_antennal_organ","present",100
"Mesaphorura hylophila","reproduction","asexual",100
"Mesaphorura hylophila","reproduction","sexual",0
"Mesaphorura hylophila","scales","absent",100
"Mesaphorura hylophila","scales","present",0
"Mesaphorura italica","body_shape","cylindrical",100
"Mesaphorura italica","body_shape","spherical",0
"Mesaphorura italica","furca","absent",100
"Mesaphorura italica","furca","present",0
"Mesaphorura italica","ocelli","1_3",0
"Mesaphorura italica","ocelli","4_7",0
"Mesaphorura italica","ocelli","8",0
"Mesaphorura italica","ocelli","absent",100
"Mesaphorura italica","pigmentation","absent",100
"Mesaphorura italica","pigmentation","present",0
"Mesaphorura italica","post_antennal_organ","absent",0
"Mesaphorura italica","post_antennal_organ","present",100
"Mesaphorura italica","reproduction","asexual",100
"Mesaphorura italica","reproduction","sexual",0
"Mesaphorura italica","scales","absent",100
"Mesaphorura italica","scales","present",0
"Mesaphorura krausbaueri","body_shape","cylindrical",100
"Mesaphorura krausbaueri","body_shape","spherical",0
"Mesaphorura krausbaueri","furca","absent",100
"Mesaphorura krausbaueri","furca","present",0
"Mesaphorura krausbaueri","ocelli","1_3",0
"Mesaphorura krausbaueri","ocelli","4_7",0
"Mesaphorura krausbaueri","ocelli","8",0
"Mesaphorura krausbaueri","ocelli","absent",100
"Mesaphorura krausbaueri","pigmentation","absent",100
"Mesaphorura krausbaueri","pigmentation","present",0
"Mesaphorura krausbaueri","reproduction","asexual",100
"Mesaphorura krausbaueri","reproduction","sexual",0
"Mesaphorura krausbaueri","scales","absent",100
"Mesaphorura krausbaueri","scales","present",0
"Mesaphorura macrochaeta","body_shape","cylindrical",100
"Mesaphorura macrochaeta","body_shape","spherical",0
"Mesaphorura macrochaeta","furca","absent",100
"Mesaphorura macrochaeta","furca","present",0
"Mesaphorura macrochaeta","ocelli","1_3",0
"Mesaphorura macrochaeta","ocelli","4_7",0
"Mesaphorura macrochaeta","ocelli","8",0
"Mesaphorura macrochaeta","ocelli","absent",100
"Mesaphorura macrochaeta","pigmentation","absent",100
"Mesaphorura macrochaeta","pigmentation","present",0
"Mesaphorura macrochaeta","reproduction","asexual",90
"Mesaphorura macrochaeta","reproduction","sexual",10
"Mesaphorura macrochaeta","scales","absent",100
"Mesaphorura macrochaeta","scales","present",0
"Mesaphorura sylvatica","body_shape","cylindrical",100
"Mesaphorura sylvatica","body_shape","spherical",0
"Mesaphorura sylvatica","furca","absent",100
"Mesaphorura sylvatica","furca","present",0
"Mesaphorura sylvatica","ocelli","1_3",0
"Mesaphorura sylvatica","ocelli","4_7",0
"Mesaphorura sylvatica","ocelli","8",0
"Mesaphorura sylvatica","ocelli","absent",100
"Mesaphorura sylvatica","pigmentation","absent",100
"Mesaphorura sylvatica","pigmentation","present",0
"Mesaphorura sylvatica","reproduction","asexual",50
"Mesaphorura sylvatica","reproduction","sexual",50
"Mesaphorura sylvatica","scales","absent",100
"Mesaphorura sylvatica","scales","present",0
"Metaphorura affinis","body_shape","cylindrical",100
"Metaphorura affinis","body_shape","spherical",0
"Metaphorura affinis","furca","absent",100
"Metaphorura affinis","furca","present",0
"Metaphorura affinis","ocelli","1_3",0
"Metaphorura affinis","ocelli","4_7",0
"Metaphorura affinis","ocelli","8",0
"Metaphorura affinis","ocelli","absent",100
"Metaphorura affinis","pigmentation","absent",100
"Metaphorura affinis","pigmentation","present",0
"Metaphorura affinis","post_antennal_organ","absent",0
"Metaphorura affinis","post_antennal_organ","present",100
"Metaphorura affinis","reproduction","asexual",60
"Metaphorura affinis","reproduction","sexual",40
"Metaphorura affinis","scales","absent",100
"Metaphorura affinis","scales","present",0
"Micranurida pygmaea","body_shape","cylindrical",100
"Micranurida pygmaea","body_shape","spherical",0
"Micranurida pygmaea","furca","absent",100
"Micranurida pygmaea","furca","present",0
"Micranurida pygmaea","ocelli","1_3",0
"Micranurida pygmaea","ocelli","4_7",0
"Micranurida pygmaea","ocelli","8",0
"Micranurida pygmaea","ocelli","absent",100
"Micranurida pygmaea","pigmentation","absent",100
"Micranurida pygmaea","pigmentation","present",0
"Micranurida pygmaea","post_antennal_organ","absent",0
"Micranurida pygmaea","post_antennal_organ","present",100
"Micranurida pygmaea","scales","absent",100
"Micranurida pygmaea","scales","present",0
"Micranurida sensillata","body_shape","cylindrical",100
"Micranurida sensillata","body_shape","spherical",0
"Micranurida sensillata","furca","absent",100
"Micranurida sensillata","furca","present",0
"Micranurida sensillata","ocelli","1_3",0
"Micranurida sensillata","ocelli","4_7",0
"Micranurida sensillata","ocelli","8",0
"Micranurida sensillata","ocelli","absent",100
"Micranurida sensillata","pigmentation","absent",100
"Micranurida sensillata","pigmentation","present",0
"Micranurida sensillata","post_antennal_organ","absent",0
"Micranurida sensillata","post_antennal_organ","present",100
"Micranurida sensillata","reproduction","asexual",50
"Micranurida sensillata","reproduction","sexual",50
"Micranurida sensillata","scales","absent",100
"Micranurida sensillata","scales","present",0
"Monobella grassei","body_shape","cylindrical",100
"Monobella grassei","body_shape","spherical",0
"Monobella grassei","furca","absent",100
"Monobella grassei","furca","present",0
"Monobella grassei","ocelli","1_3",100
"Monobella grassei","ocelli","4_7",0
"Monobella grassei","ocelli","8",0
"Monobella grassei","ocelli","absent",0
"Monobella grassei","pigmentation","absent",0
"Monobella grassei","pigmentation","present",100
"Monobella grassei","reproduction","asexual",50
"Monobella grassei","reproduction","sexual",50
"Monobella grassei","scales","absent",100
"Monobella grassei","scales","present",0
"Mucrosomia garretti","body_shape","cylindrical",100
"Mucrosomia garretti","body_shape","spherical",0
"Mucrosomia garretti","furca","absent",0
"Mucrosomia garretti","furca","present",100
"Mucrosomia garretti","ocelli","1_3",0
"Mucrosomia garretti","ocelli","4_7",0
"Mucrosomia garretti","ocelli","8",0
"Mucrosomia garretti","ocelli","absent",100
"Mucrosomia garretti","pigmentation","absent",100
"Mucrosomia garretti","pigmentation","present",0
"Mucrosomia garretti","post_antennal_organ","absent",50
"Mucrosomia garretti","post_antennal_organ","present",50
"Mucrosomia garretti","reproduction","asexual",50
"Mucrosomia garretti","reproduction","sexual",50
"Mucrosomia garretti","scales","absent",100
"Mucrosomia garretti","scales","present",0
"Neanura muscorum","body_shape","cylindrical",100
"Neanura muscorum","body_shape","spherical",0
"Neanura muscorum","furca","absent",0
"Neanura muscorum","furca","present",100
"Neanura muscorum","ocelli","1_3",100
"Neanura muscorum","ocelli","4_7",0
"Neanura muscorum","ocelli","8",0
"Neanura muscorum","ocelli","absent",0
"Neanura muscorum","pigmentation","absent",0
"Neanura muscorum","pigmentation","present",100
"Neanura muscorum","reproduction","asexual",66
"Neanura muscorum","reproduction","sexual",34
"Neanura muscorum","scales","absent",100
"Neanura muscorum","scales","present",0
"Neelus murinus","body_shape","cylindrical",0
"Neelus murinus","body_shape","spherical",100
"Neelus murinus","furca","absent",0
"Neelus murinus","furca","present",100
"Neelus murinus","ocelli","1_3",0
"Neelus murinus","ocelli","4_7",0
"Neelus murinus","ocelli","8",0
"Neelus murinus","ocelli","absent",100
"Neelus murinus","pigmentation","absent",0
"Neelus murinus","pigmentation","present",100
"Neelus murinus","reproduction","asexual",50
"Neelus murinus","reproduction","sexual",50
"Neelus murinus","scales","absent",100
"Neelus murinus","scales","present",0
"Neonaphorura duboscqi","body_shape","cylindrical",100
"Neonaphorura duboscqi","body_shape","spherical",0
"Neonaphorura duboscqi","furca","absent",100
"Neonaphorura duboscqi","furca","present",0
"Neonaphorura duboscqi","ocelli","1_3",0
"Neonaphorura duboscqi","ocelli","4_7",0
"Neonaphorura duboscqi","ocelli","8",0
"Neonaphorura duboscqi","ocelli","absent",100
"Neonaphorura duboscqi","pigmentation","absent",100
"Neonaphorura duboscqi","pigmentation","present",0
"Neonaphorura duboscqi","post_antennal_organ","absent",0
"Neonaphorura duboscqi","post_antennal_organ","present",100
"Neonaphorura duboscqi","scales","absent",100
"Neonaphorura duboscqi","scales","present",0
"Neotullbergia crassicuspis","body_shape","cylindrical",100
"Neotullbergia crassicuspis","body_shape","spherical",0
"Neotullbergia crassicuspis","furca","absent",100
"Neotullbergia crassicuspis","furca","present",0
"Neotullbergia crassicuspis","ocelli","1_3",0
"Neotullbergia crassicuspis","ocelli","4_7",0
"Neotullbergia crassicuspis","ocelli","8",0
"Neotullbergia crassicuspis","ocelli","absent",100
"Neotullbergia crassicuspis","pigmentation","absent",100
"Neotullbergia crassicuspis","pigmentation","present",0
"Neotullbergia crassicuspis","reproduction","asexual",0
"Neotullbergia crassicuspis","reproduction","sexual",100
"Neotullbergia crassicuspis","scales","absent",100
"Neotullbergia crassicuspis","scales","present",0
"Neotullbergia ramicuspis","body_shape","cylindrical",100
"Neotullbergia ramicuspis","body_shape","spherical",0
"Neotullbergia ramicuspis","furca","absent",100
"Neotullbergia ramicuspis","furca","present",0
"Neotullbergia ramicuspis","ocelli","1_3",0
"Neotullbergia ramicuspis","ocelli","4_7",0
"Neotullbergia ramicuspis","ocelli","8",0
"Neotullbergia ramicuspis","ocelli","absent",100
"Neotullbergia ramicuspis","pigmentation","absent",100
"Neotullbergia ramicuspis","pigmentation","present",0
"Neotullbergia ramicuspis","reproduction","asexual",0
"Neotullbergia ramicuspis","reproduction","sexual",100
"Neotullbergia ramicuspis","scales","absent",100
"Neotullbergia ramicuspis","scales","present",0
"Oncopodura crassicornis","furca","absent",0
"Oncopodura crassicornis","furca","present",100
"Oncopodura crassicornis","ocelli","1_3",0
"Oncopodura crassicornis","ocelli","4_7",0
"Oncopodura crassicornis","ocelli","8",0
"Oncopodura crassicornis","ocelli","absent",100
"Oncopodura crassicornis","pigmentation","absent",100
"Oncopodura crassicornis","pigmentation","present",0
"Oncopodura crassicornis","reproduction","asexual",50
"Oncopodura crassicornis","reproduction","sexual",50
"Oncopodura crassicornis","scales","absent",0
"Oncopodura crassicornis","scales","present",100
"Orchesella cincta","body_shape","cylindrical",100
"Orchesella cincta","body_shape","spherical",0
"Orchesella cincta","furca","absent",0
"Orchesella cincta","furca","present",100
"Orchesella cincta","ocelli","1_3",0
"Orchesella cincta","ocelli","4_7",0
"Orchesella cincta","ocelli","8",100
"Orchesella cincta","ocelli","absent",0
"Orchesella cincta","pigmentation","absent",0
"Orchesella cincta","pigmentation","present",100
"Orchesella cincta","post_antennal_organ","absent",100
"Orchesella cincta","post_antennal_organ","present",0
"Orchesella cincta","scales","absent",100
"Orchesella cincta","scales","present",0
"Orchesella quinquefasciata","body_shape","cylindrical",100
"Orchesella quinquefasciata","body_shape","spherical",0
"Orchesella quinquefasciata","furca","absent",0
"Orchesella quinquefasciata","furca","present",100
"Orchesella quinquefasciata","ocelli","1_3",0
"Orchesella quinquefasciata","ocelli","4_7",0
"Orchesella quinquefasciata","ocelli","8",100
"Orchesella quinquefasciata","ocelli","absent",0
"Orchesella quinquefasciata","pigmentation","absent",0
"Orchesella quinquefasciata","pigmentation","present",100
"Orchesella quinquefasciata","post_antennal_organ","absent",100
"Orchesella quinquefasciata","post_antennal_organ","present",0
"Orchesella quinquefasciata","reproduction","asexual",0
"Orchesella quinquefasciata","reproduction","sexual",100
"Orchesella quinquefasciata","scales","absent",100
"Orchesella quinquefasciata","scales","present",0
"Orchesella villosa","body_shape","cylindrical",100
"Orchesella villosa","body_shape","spherical",0
"Orchesella villosa","furca","absent",0
"Orchesella villosa","furca","present",100
"Orchesella villosa","ocelli","1_3",0
"Orchesella villosa","ocelli","4_7",0
"Orchesella villosa","ocelli","8",100
"Orchesella villosa","ocelli","absent",0
"Orchesella villosa","pigmentation","absent",0
"Orchesella villosa","pigmentation","present",100
"Orchesella villosa","reproduction","asexual",0
"Orchesella villosa","reproduction","sexual",100
"Orchesella villosa","scales","absent",100
"Orchesella villosa","scales","present",0
"Paratullbergia callipygos","body_shape","cylindrical",100
"Paratullbergia callipygos","body_shape","spherical",0
"Paratullbergia callipygos","furca","absent",100
"Paratullbergia callipygos","furca","present",0
"Paratullbergia callipygos","ocelli","1_3",0
"Paratullbergia callipygos","ocelli","4_7",0
"Paratullbergia callipygos","ocelli","8",0
"Paratullbergia callipygos","ocelli","absent",100
"Paratullbergia callipygos","pigmentation","absent",100
"Paratullbergia callipygos","pigmentation","present",0
"Paratullbergia callipygos","post_antennal_organ","absent",0
"Paratullbergia callipygos","post_antennal_organ","present",100
"Paratullbergia callipygos","reproduction","asexual",66
"Paratullbergia callipygos","reproduction","sexual",34
"Paratullbergia callipygos","scales","absent",100
"Paratullbergia callipygos","scales","present",0
"Paratullbergia macdougalli","body_shape","cylindrical",100
"Paratullbergia macdougalli","body_shape","spherical",0
"Paratullbergia macdougalli","furca","absent",100
"Paratullbergia macdougalli","furca","present",0
"Paratullbergia macdougalli","ocelli","1_3",0
"Paratullbergia macdougalli","ocelli","4_7",0
"Paratullbergia macdougalli","ocelli","8",0
"Paratullbergia macdougalli","ocelli","absent",100
"Paratullbergia macdougalli","pigmentation","absent",100
"Paratullbergia macdougalli","pigmentation","present",0
"Paratullbergia macdougalli","post_antennal_organ","absent",0
"Paratullbergia macdougalli","post_antennal_organ","present",100
"Paratullbergia macdougalli","reproduction","asexual",66
"Paratullbergia macdougalli","reproduction","sexual",34
"Paratullbergia macdougalli","scales","absent",100
"Paratullbergia macdougalli","scales","present",0
"Parisotoma ekmani","body_shape","cylindrical",100
"Parisotoma ekmani","body_shape","spherical",0
"Parisotoma ekmani","furca","absent",0
"Parisotoma ekmani","furca","present",100
"Parisotoma ekmani","ocelli","1_3",100
"Parisotoma ekmani","ocelli","4_7",0
"Parisotoma ekmani","ocelli","8",0
"Parisotoma ekmani","ocelli","absent",0
"Parisotoma ekmani","pigmentation","absent",100
"Parisotoma ekmani","pigmentation","present",0
"Parisotoma ekmani","post_antennal_organ","absent",0
"Parisotoma ekmani","post_antennal_organ","present",100
"Parisotoma ekmani","scales","absent",100
"Parisotoma ekmani","scales","present",0
"Parisotoma notabilis","body_shape","cylindrical",100
"Parisotoma notabilis","body_shape","spherical",0
"Parisotoma notabilis","furca","absent",0
"Parisotoma notabilis","furca","present",100
"Parisotoma notabilis","ocelli","1_3",0
"Parisotoma notabilis","ocelli","4_7",100
"Parisotoma notabilis","ocelli","8",0
"Parisotoma notabilis","ocelli","absent",0
"Parisotoma notabilis","pigmentation","absent",0
"Parisotoma notabilis","pigmentation","present",100
"Parisotoma notabilis","post_antennal_organ","absent",0
"Parisotoma notabilis","post_antennal_organ","present",100
"Parisotoma notabilis","reproduction","asexual",60
"Parisotoma notabilis","reproduction","sexual",40
"Parisotoma notabilis","scales","absent",100
"Parisotoma notabilis","scales","present",0
"Proctostephanus stuckeni","body_shape","cylindrical",100
"Proctostephanus stuckeni","body_shape","spherical",0
"Proctostephanus stuckeni","furca","absent",0
"Proctostephanus stuckeni","furca","present",100
"Proctostephanus stuckeni","ocelli","1_3",0
"Proctostephanus stuckeni","ocelli","4_7",0
"Proctostephanus stuckeni","ocelli","8",100
"Proctostephanus stuckeni","ocelli","absent",0
"Proctostephanus stuckeni","pigmentation","absent",0
"Proctostephanus stuckeni","pigmentation","present",100
"Proctostephanus stuckeni","post_antennal_organ","absent",0
"Proctostephanus stuckeni","post_antennal_organ","present",100
"Proctostephanus stuckeni","reproduction","asexual",50
"Proctostephanus stuckeni","reproduction","sexual",50
"Proctostephanus stuckeni","scales","absent",100
"Proctostephanus stuckeni","scales","present",0
"Proisotoma minima","body_shape","cylindrical",100
"Proisotoma minima","body_shape","spherical",0
"Proisotoma minima","furca","absent",0
"Proisotoma minima","furca","present",100
"Proisotoma minima","ocelli","1_3",0
"Proisotoma minima","ocelli","4_7",100
"Proisotoma minima","ocelli","8",0
"Proisotoma minima","ocelli","absent",0
"Proisotoma minima","pigmentation","absent",0
"Proisotoma minima","pigmentation","present",100
"Proisotoma minima","post_antennal_organ","absent",0
"Proisotoma minima","post_antennal_organ","present",100
"Proisotoma minima","reproduction","asexual",0
"Proisotoma minima","reproduction","sexual",100
"Proisotoma minima","scales","absent",100
"Proisotoma minima","scales","present",0
"Protaphorura armata","body_shape","cylindrical",100
"Protaphorura armata","body_shape","spherical",0
"Protaphorura armata","furca","absent",100
"Protaphorura armata","furca","present",0
"Protaphorura armata","ocelli","1_3",0
"Protaphorura armata","ocelli","4_7",0
"Protaphorura armata","ocelli","8",0
"Protaphorura armata","ocelli","absent",100
"Protaphorura armata","pigmentation","absent",100
"Protaphorura armata","pigmentation","present",0
"Protaphorura armata","post_antennal_organ","absent",0
"Protaphorura armata","post_antennal_organ","present",100
"Protaphorura armata","reproduction","asexual",100
"Protaphorura armata","reproduction","sexual",0
"Protaphorura armata","scales","absent",100
"Protaphorura armata","scales","present",0
"Protaphorura aurantiaca","body_shape","cylindrical",100
"Protaphorura aurantiaca","body_shape","spherical",0
"Protaphorura aurantiaca","furca","absent",100
"Protaphorura aurantiaca","furca","present",0
"Protaphorura aurantiaca","ocelli","1_3",0
"Protaphorura aurantiaca","ocelli","4_7",0
"Protaphorura aurantiaca","ocelli","8",0
"Protaphorura aurantiaca","ocelli","absent",100
"Protaphorura aurantiaca","pigmentation","absent",100
"Protaphorura aurantiaca","pigmentation","present",0
"Protaphorura aurantiaca","post_antennal_organ","absent",0
"Protaphorura aurantiaca","post_antennal_organ","present",100
"Protaphorura aurantiaca","scales","absent",100
"Protaphorura aurantiaca","scales","present",0
"Protaphorura subarmata","body_shape","cylindrical",100
"Protaphorura subarmata","body_shape","spherical",0
"Protaphorura subarmata","furca","absent",100
"Protaphorura subarmata","furca","present",0
"Protaphorura subarmata","ocelli","1_3",0
"Protaphorura subarmata","ocelli","4_7",0
"Protaphorura subarmata","ocelli","8",0
"Protaphorura subarmata","ocelli","absent",100
"Protaphorura subarmata","pigmentation","absent",100
"Protaphorura subarmata","pigmentation","present",0
"Protaphorura subarmata","post_antennal_organ","absent",0
"Protaphorura subarmata","post_antennal_organ","present",100
"Protaphorura subarmata","reproduction","asexual",100
"Protaphorura subarmata","reproduction","sexual",0
"Protaphorura subarmata","scales","absent",100
"Protaphorura subarmata","scales","present",0
"Pseudosinella alba","body_shape","cylindrical",100
"Pseudosinella alba","body_shape","spherical",0
"Pseudosinella alba","furca","absent",0
"Pseudosinella alba","furca","present",100
"Pseudosinella alba","ocelli","1_3",100
"Pseudosinella alba","ocelli","4_7",0
"Pseudosinella alba","ocelli","8",0
"Pseudosinella alba","ocelli","absent",0
"Pseudosinella alba","pigmentation","absent",83
"Pseudosinella alba","pigmentation","present",17
"Pseudosinella alba","post_antennal_organ","absent",100
"Pseudosinella alba","post_antennal_organ","present",0
"Pseudosinella alba","reproduction","asexual",0
"Pseudosinella alba","reproduction","sexual",100
"Pseudosinella alba","scales","absent",0
"Pseudosinella alba","scales","present",100
"Pseudosinella decipiens","body_shape","cylindrical",100
"Pseudosinella decipiens","body_shape","spherical",0
"Pseudosinella decipiens","furca","absent",0
"Pseudosinella decipiens","furca","present",100
"Pseudosinella decipiens","ocelli","1_3",0
"Pseudosinella decipiens","ocelli","4_7",0
"Pseudosinella decipiens","ocelli","8",0
"Pseudosinella decipiens","ocelli","absent",100
"Pseudosinella decipiens","pigmentation","absent",75
"Pseudosinella decipiens","pigmentation","present",25
"Pseudosinella decipiens","post_antennal_organ","absent",100
"Pseudosinella decipiens","post_antennal_organ","present",0
"Pseudosinella decipiens","scales","absent",0
"Pseudosinella decipiens","scales","present",100
"Pseudosinella immaculata","body_shape","cylindrical",100
"Pseudosinella immaculata","body_shape","spherical",0
"Pseudosinella immaculata","furca","absent",0
"Pseudosinella immaculata","furca","present",100
"Pseudosinella immaculata","ocelli","1_3",0
"Pseudosinella immaculata","ocelli","4_7",0
"Pseudosinella immaculata","ocelli","8",0
"Pseudosinella immaculata","ocelli","absent",100
"Pseudosinella immaculata","pigmentation","absent",75
"Pseudosinella immaculata","pigmentation","present",25
"Pseudosinella immaculata","post_antennal_organ","absent",100
"Pseudosinella immaculata","post_antennal_organ","present",0
"Pseudosinella immaculata","reproduction","asexual",0
"Pseudosinella immaculata","reproduction","sexual",100
"Pseudosinella immaculata","scales","absent",0
"Pseudosinella immaculata","scales","present",100
"Pseudosinella octopunctata","body_shape","cylindrical",100
"Pseudosinella octopunctata","body_shape","spherical",0
"Pseudosinella octopunctata","furca","absent",0
"Pseudosinella octopunctata","furca","present",100
"Pseudosinella octopunctata","ocelli","1_3",0
"Pseudosinella octopunctata","ocelli","4_7",100
"Pseudosinella octopunctata","ocelli","8",0
"Pseudosinella octopunctata","ocelli","absent",0
"Pseudosinella octopunctata","pigmentation","absent",100
"Pseudosinella octopunctata","pigmentation","present",0
"Pseudosinella octopunctata","post_antennal_organ","absent",100
"Pseudosinella octopunctata","post_antennal_organ","present",0
"Pseudosinella octopunctata","reproduction","asexual",0
"Pseudosinella octopunctata","reproduction","sexual",100
"Pseudosinella octopunctata","scales","absent",0
"Pseudosinella octopunctata","scales","present",100
"Pseudosinella petterseni","body_shape","cylindrical",100
"Pseudosinella petterseni","body_shape","spherical",0
"Pseudosinella petterseni","furca","absent",0
"Pseudosinella petterseni","furca","present",100
"Pseudosinella petterseni","ocelli","1_3",0
"Pseudosinella petterseni","ocelli","4_7",0
"Pseudosinella petterseni","ocelli","8",0
"Pseudosinella petterseni","ocelli","absent",100
"Pseudosinella petterseni","pigmentation","absent",50
"Pseudosinella petterseni","pigmentation","present",50
"Pseudosinella petterseni","post_antennal_organ","absent",100
"Pseudosinella petterseni","post_antennal_organ","present",0
"Pseudosinella petterseni","reproduction","asexual",0
"Pseudosinella petterseni","reproduction","sexual",100
"Pseudosinella petterseni","scales","absent",0
"Pseudosinella petterseni","scales","present",100
"Pseudosinella sexoculata","body_shape","cylindrical",100
"Pseudosinella sexoculata","body_shape","spherical",0
"Pseudosinella sexoculata","furca","absent",0
"Pseudosinella sexoculata","furca","present",100
"Pseudosinella sexoculata","pigmentation","absent",100
"Pseudosinella sexoculata","pigmentation","present",0
"Pseudosinella sexoculata","reproduction","asexual",0
"Pseudosinella sexoculata","reproduction","sexual",100
"Pseudosinella sexoculata","scales","absent",0
"Pseudosinella sexoculata","scales","present",100
"Schoettella ununguiculata","body_shape","cylindrical",100
"Schoettella ununguiculata","body_shape","spherical",0
"Schoettella ununguiculata","furca","absent",0
"Schoettella ununguiculata","furca","present",100
"Schoettella ununguiculata","ocelli","1_3",0
"Schoettella ununguiculata","ocelli","4_7",0
"Schoettella ununguiculata","ocelli","8",100
"Schoettella ununguiculata","ocelli","absent",0
"Schoettella ununguiculata","pigmentation","absent",0
"Schoettella ununguiculata","pigmentation","present",100
"Schoettella ununguiculata","post_antennal_organ","absent",0
"Schoettella ununguiculata","post_antennal_organ","present",100
"Schoettella ununguiculata","reproduction","asexual",50
"Schoettella ununguiculata","reproduction","sexual",50
"Schoettella ununguiculata","scales","absent",100
"Schoettella ununguiculata","scales","present",0
"Seira ferrarii","body_shape","cylindrical",100
"Seira ferrarii","body_shape","spherical",0
"Seira ferrarii","furca","absent",0
"Seira ferrarii","furca","present",100
"Seira ferrarii","ocelli","1_3",0
"Seira ferrarii","ocelli","4_7",0
"Seira ferrarii","ocelli","8",100
"Seira ferrarii","ocelli","absent",0
"Seira ferrarii","pigmentation","absent",0
"Seira ferrarii","pigmentation","present",100
"Seira ferrarii","reproduction","asexual",50
"Seira ferrarii","reproduction","sexual",50
"Seira ferrarii","scales","absent",0
"Seira ferrarii","scales","present",100
"Sinella curviseta","body_shape","cylindrical",100
"Sinella curviseta","body_shape","spherical",0
"Sinella curviseta","furca","absent",0
"Sinella curviseta","furca","present",100
"Sinella curviseta","ocelli","1_3",100
"Sinella curviseta","ocelli","4_7",0
"Sinella curviseta","ocelli","8",0
"Sinella curviseta","ocelli","absent",0
"Sinella curviseta","pigmentation","absent",100
"Sinella curviseta","pigmentation","present",0
"Sinella curviseta","post_antennal_organ","absent",100
"Sinella curviseta","post_antennal_organ","present",0
"Sinella curviseta","scales","absent",100
"Sinella curviseta","scales","present",0
"Sminthurides assimilis","body_shape","cylindrical",0
"Sminthurides assimilis","body_shape","spherical",100
"Sminthurides assimilis","furca","absent",0
"Sminthurides assimilis","furca","present",100
"Sminthurides assimilis","ocelli","1_3",0
"Sminthurides assimilis","ocelli","4_7",0
"Sminthurides assimilis","ocelli","8",100
"Sminthurides assimilis","ocelli","absent",0
"Sminthurides assimilis","pigmentation","absent",0
"Sminthurides assimilis","pigmentation","present",100
"Sminthurides assimilis","reproduction","asexual",0
"Sminthurides assimilis","reproduction","sexual",100
"Sminthurides assimilis","scales","absent",100
"Sminthurides assimilis","scales","present",0
"Sminthurides malmgreni","body_shape","cylindrical",0
"Sminthurides malmgreni","body_shape","spherical",100
"Sminthurides malmgreni","furca","absent",0
"Sminthurides malmgreni","furca","present",100
"Sminthurides malmgreni","ocelli","1_3",0
"Sminthurides malmgreni","ocelli","4_7",0
"Sminthurides malmgreni","ocelli","8",100
"Sminthurides malmgreni","ocelli","absent",0
"Sminthurides malmgreni","pigmentation","absent",0
"Sminthurides malmgreni","pigmentation","present",100
"Sminthurides malmgreni","reproduction","asexual",0
"Sminthurides malmgreni","reproduction","sexual",100
"Sminthurides malmgreni","scales","absent",100
"Sminthurides malmgreni","scales","present",0
"Sminthurides parvulus","body_shape","cylindrical",0
"Sminthurides parvulus","body_shape","spherical",100
"Sminthurides parvulus","furca","absent",0
"Sminthurides parvulus","furca","present",100
"Sminthurides parvulus","ocelli","1_3",0
"Sminthurides parvulus","ocelli","4_7",0
"Sminthurides parvulus","ocelli","8",100
"Sminthurides parvulus","ocelli","absent",0
"Sminthurides parvulus","pigmentation","absent",0
"Sminthurides parvulus","pigmentation","present",100
"Sminthurides parvulus","reproduction","asexual",0
"Sminthurides parvulus","reproduction","sexual",100
"Sminthurides parvulus","scales","absent",100
"Sminthurides parvulus","scales","present",0
"Sminthurides schoetti","body_shape","cylindrical",0
"Sminthurides schoetti","body_shape","spherical",100
"Sminthurides schoetti","furca","absent",0
"Sminthurides schoetti","furca","present",100
"Sminthurides schoetti","ocelli","1_3",0
"Sminthurides schoetti","ocelli","4_7",0
"Sminthurides schoetti","ocelli","8",100
"Sminthurides schoetti","ocelli","absent",0
"Sminthurides schoetti","pigmentation","absent",0
"Sminthurides schoetti","pigmentation","present",100
"Sminthurides schoetti","reproduction","asexual",0
"Sminthurides schoetti","reproduction","sexual",100
"Sminthurides schoetti","scales","absent",100
"Sminthurides schoetti","scales","present",0
"Sminthurides sexoculatus","body_shape","cylindrical",0
"Sminthurides sexoculatus","body_shape","spherical",100
"Sminthurides sexoculatus","furca","absent",0
"Sminthurides sexoculatus","furca","present",100
"Sminthurides sexoculatus","ocelli","1_3",0
"Sminthurides sexoculatus","ocelli","4_7",100
"Sminthurides sexoculatus","ocelli","8",0
"Sminthurides sexoculatus","ocelli","absent",0
"Sminthurides sexoculatus","pigmentation","absent",0
"Sminthurides sexoculatus","pigmentation","present",100
"Sminthurides sexoculatus","reproduction","asexual",0
"Sminthurides sexoculatus","reproduction","sexual",100
"Sminthurides sexoculatus","scales","absent",100
"Sminthurides sexoculatus","scales","present",0
"Sminthurides signatus","body_shape","cylindrical",0
"Sminthurides signatus","body_shape","spherical",100
"Sminthurides signatus","furca","absent",0
"Sminthurides signatus","furca","present",100
"Sminthurides signatus","ocelli","1_3",0
"Sminthurides signatus","ocelli","4_7",0
"Sminthurides signatus","ocelli","8",100
"Sminthurides signatus","ocelli","absent",0
"Sminthurides signatus","pigmentation","absent",0
"Sminthurides signatus","pigmentation","present",100
"Sminthurides signatus","post_antennal_organ","absent",100
"Sminthurides signatus","post_antennal_organ","present",0
"Sminthurides signatus","reproduction","asexual",0
"Sminthurides signatus","reproduction","sexual",100
"Sminthurides signatus","scales","absent",100
"Sminthurides signatus","scales","present",0
"Sminthurinus aureus","body_shape","cylindrical",0
"Sminthurinus aureus","body_shape","spherical",100
"Sminthurinus aureus","furca","absent",0
"Sminthurinus aureus","furca","present",100
"Sminthurinus aureus","ocelli","1_3",0
"Sminthurinus aureus","ocelli","4_7",0
"Sminthurinus aureus","ocelli","8",100
"Sminthurinus aureus","ocelli","absent",0
"Sminthurinus aureus","pigmentation","absent",0
"Sminthurinus aureus","pigmentation","present",100
"Sminthurinus aureus","reproduction","asexual",0
"Sminthurinus aureus","reproduction","sexual",100
"Sminthurinus aureus","scales","absent",100
"Sminthurinus aureus","scales","present",0
"Sminthurinus bimaculatus","body_shape","cylindrical",0
"Sminthurinus bimaculatus","body_shape","spherical",100
"Sminthurinus bimaculatus","furca","absent",0
"Sminthurinus bimaculatus","furca","present",100
"Sminthurinus bimaculatus","ocelli","1_3",0
"Sminthurinus bimaculatus","ocelli","4_7",0
"Sminthurinus bimaculatus","ocelli","8",100
"Sminthurinus bimaculatus","ocelli","absent",0
"Sminthurinus bimaculatus","pigmentation","absent",0
"Sminthurinus bimaculatus","pigmentation","present",100
"Sminthurinus bimaculatus","reproduction","asexual",0
"Sminthurinus bimaculatus","reproduction","sexual",100
"Sminthurinus bimaculatus","scales","absent",100
"Sminthurinus bimaculatus","scales","present",0
"Sminthurinus elegans","body_shape","cylindrical",0
"Sminthurinus elegans","body_shape","spherical",100
"Sminthurinus elegans","furca","absent",0
"Sminthurinus elegans","furca","present",100
"Sminthurinus elegans","ocelli","1_3",0
"Sminthurinus elegans","ocelli","4_7",0
"Sminthurinus elegans","ocelli","8",100
"Sminthurinus elegans","ocelli","absent",0
"Sminthurinus elegans","pigmentation","absent",20
"Sminthurinus elegans","pigmentation","present",80
"Sminthurinus elegans","reproduction","asexual",0
"Sminthurinus elegans","reproduction","sexual",100
"Sminthurinus elegans","scales","absent",100
"Sminthurinus elegans","scales","present",0
"Sminthurinus niger","body_shape","cylindrical",0
"Sminthurinus niger","body_shape","spherical",100
"Sminthurinus niger","furca","absent",0
"Sminthurinus niger","furca","present",100
"Sminthurinus niger","ocelli","1_3",0
"Sminthurinus niger","ocelli","4_7",0
"Sminthurinus niger","ocelli","8",100
"Sminthurinus niger","ocelli","absent",0
"Sminthurinus niger","pigmentation","absent",0
"Sminthurinus niger","pigmentation","present",100
"Sminthurinus niger","reproduction","asexual",0
"Sminthurinus niger","reproduction","sexual",100
"Sminthurinus niger","scales","absent",100
"Sminthurinus niger","scales","present",0
"Sminthurus multipunctatus","body_shape","cylindrical",0
"Sminthurus multipunctatus","body_shape","spherical",100
"Sminthurus multipunctatus","furca","absent",0
"Sminthurus multipunctatus","furca","present",100
"Sminthurus multipunctatus","ocelli","1_3",0
"Sminthurus multipunctatus","ocelli","4_7",0
"Sminthurus multipunctatus","ocelli","8",100
"Sminthurus multipunctatus","ocelli","absent",0
"Sminthurus multipunctatus","pigmentation","absent",0
"Sminthurus multipunctatus","pigmentation","present",100
"Sminthurus multipunctatus","reproduction","asexual",0
"Sminthurus multipunctatus","reproduction","sexual",100
"Sminthurus multipunctatus","scales","absent",100
"Sminthurus multipunctatus","scales","present",0
"Sminthurus viridis","body_shape","cylindrical",0
"Sminthurus viridis","body_shape","spherical",100
"Sminthurus viridis","furca","absent",0
"Sminthurus viridis","furca","present",100
"Sminthurus viridis","ocelli","1_3",0
"Sminthurus viridis","ocelli","4_7",0
"Sminthurus viridis","ocelli","8",100
"Sminthurus viridis","ocelli","absent",0
"Sminthurus viridis","pigmentation","absent",0
"Sminthurus viridis","pigmentation","present",100
"Sminthurus viridis","reproduction","asexual",0
"Sminthurus viridis","reproduction","sexual",100
"Sminthurus viridis","scales","absent",100
"Sminthurus viridis","scales","present",0
"Sphaeridia pumilis","body_shape","cylindrical",0
"Sphaeridia pumilis","body_shape","spherical",100
"Sphaeridia pumilis","furca","absent",0
"Sphaeridia pumilis","furca","present",100
"Sphaeridia pumilis","ocelli","1_3",0
"Sphaeridia pumilis","ocelli","4_7",0
"Sphaeridia pumilis","ocelli","8",100
"Sphaeridia pumilis","ocelli","absent",0
"Sphaeridia pumilis","pigmentation","absent",0
"Sphaeridia pumilis","pigmentation","present",100
"Sphaeridia pumilis","reproduction","asexual",0
"Sphaeridia pumilis","reproduction","sexual",100
"Sphaeridia pumilis","scales","absent",100
"Sphaeridia pumilis","scales","present",0
"Stenacidia violacea","body_shape","cylindrical",0
"Stenacidia violacea","body_shape","spherical",100
"Stenacidia violacea","furca","absent",0
"Stenacidia violacea","furca","present",100
"Stenacidia violacea","ocelli","1_3",0
"Stenacidia violacea","ocelli","4_7",0
"Stenacidia violacea","ocelli","8",100
"Stenacidia violacea","ocelli","absent",0
"Stenacidia violacea","pigmentation","absent",100
"Stenacidia violacea","pigmentation","present",0
"Stenacidia violacea","reproduction","asexual",0
"Stenacidia violacea","reproduction","sexual",100
"Stenacidia violacea","scales","absent",100
"Stenacidia violacea","scales","present",0
"Stenaphorurella denisi","body_shape","cylindrical",100
"Stenaphorurella denisi","body_shape","spherical",0
"Stenaphorurella denisi","furca","absent",100
"Stenaphorurella denisi","furca","present",0
"Stenaphorurella denisi","ocelli","1_3",0
"Stenaphorurella denisi","ocelli","4_7",0
"Stenaphorurella denisi","ocelli","8",0
"Stenaphorurella denisi","ocelli","absent",100
"Stenaphorurella denisi","pigmentation","absent",100
"Stenaphorurella denisi","pigmentation","present",0
"Stenaphorurella denisi","post_antennal_organ","absent",0
"Stenaphorurella denisi","post_antennal_organ","present",100
"Stenaphorurella denisi","reproduction","asexual",100
"Stenaphorurella denisi","reproduction","sexual",0
"Stenaphorurella denisi","scales","absent",100
"Stenaphorurella denisi","scales","present",0
"Supraphorura furcifera","body_shape","cylindrical",100
"Supraphorura furcifera","body_shape","spherical",0
"Supraphorura furcifera","furca","absent",0
"Supraphorura furcifera","furca","present",100
"Supraphorura furcifera","ocelli","1_3",0
"Supraphorura furcifera","ocelli","4_7",100
"Supraphorura furcifera","ocelli","8",0
"Supraphorura furcifera","ocelli","absent",0
"Supraphorura furcifera","pigmentation","absent",0
"Supraphorura furcifera","pigmentation","present",100
"Supraphorura furcifera","post_antennal_organ","absent",0
"Supraphorura furcifera","post_antennal_organ","present",100
"Supraphorura furcifera","reproduction","asexual",0
"Supraphorura furcifera","reproduction","sexual",100
"Supraphorura furcifera","scales","absent",100
"Supraphorura furcifera","scales","present",0
"Thalassaphorura debilis","body_shape","cylindrical",100
"Thalassaphorura debilis","body_shape","spherical",0
"Thalassaphorura debilis","furca","absent",100
"Thalassaphorura debilis","furca","present",0
"Thalassaphorura debilis","ocelli","1_3",0
"Thalassaphorura debilis","ocelli","4_7",0
"Thalassaphorura debilis","ocelli","8",0
"Thalassaphorura debilis","ocelli","absent",100
"Thalassaphorura debilis","pigmentation","absent",100
"Thalassaphorura debilis","pigmentation","present",0
"Thalassaphorura debilis","post_antennal_organ","absent",0
"Thalassaphorura debilis","post_antennal_organ","present",100
"Thalassaphorura debilis","reproduction","asexual",50
"Thalassaphorura debilis","reproduction","sexual",50
"Thalassaphorura debilis","scales","absent",100
"Thalassaphorura debilis","scales","present",0
"Tomocerus flavescens","body_shape","cylindrical",100
"Tomocerus flavescens","body_shape","spherical",0
"Tomocerus flavescens","furca","absent",0
"Tomocerus flavescens","furca","present",100
"Tomocerus flavescens","ocelli","1_3",0
"Tomocerus flavescens","ocelli","4_7",100
"Tomocerus flavescens","ocelli","8",0
"Tomocerus flavescens","ocelli","absent",0
"Tomocerus flavescens","pigmentation","absent",0
"Tomocerus flavescens","pigmentation","present",100
"Tomocerus flavescens","post_antennal_organ","absent",50
"Tomocerus flavescens","post_antennal_organ","present",50
"Tomocerus flavescens","reproduction","asexual",0
"Tomocerus flavescens","reproduction","sexual",100
"Tomocerus flavescens","scales","absent",0
"Tomocerus flavescens","scales","present",100
"Tomocerus minor","body_shape","cylindrical",100
"Tomocerus minor","body_shape","spherical",0
"Tomocerus minor","furca","absent",0
"Tomocerus minor","furca","present",100
"Tomocerus minor","ocelli","1_3",0
"Tomocerus minor","ocelli","4_7",100
"Tomocerus minor","ocelli","8",0
"Tomocerus minor","ocelli","absent",0
"Tomocerus minor","pigmentation","absent",0
"Tomocerus minor","pigmentation","present",100
"Tomocerus minor","post_antennal_organ","absent",50
"Tomocerus minor","post_antennal_organ","present",50
"Tomocerus minor","reproduction","asexual",0
"Tomocerus minor","reproduction","sexual",100
"Tomocerus minor","scales","absent",0
"Tomocerus minor","scales","present",100
"Tomocerus vulgaris","body_shape","cylindrical",100
"Tomocerus vulgaris","body_shape","spherical",0
"Tomocerus vulgaris","furca","absent",0
"Tomocerus vulgaris","furca","present",100
"Tomocerus vulgaris","ocelli","1_3",0
"Tomocerus vulgaris","ocelli","4_7",100
"Tomocerus vulgaris","ocelli","8",0
"Tomocerus vulgaris","ocelli","absent",0
"Tomocerus vulgaris","pigmentation","absent",0
"Tomocerus vulgaris","pigmentation","present",100
"Tomocerus vulgaris","reproduction","asexual",0
"Tomocerus vulgaris","reproduction","sexual",100
"Tomocerus vulgaris","scales","absent",0
"Tomocerus vulgaris","scales","present",100
"Triacanthella intermedia","body_shape","cylindrical",100
"Triacanthella intermedia","body_shape","spherical",0
"Triacanthella intermedia","ocelli","1_3",0
"Triacanthella intermedia","ocelli","4_7",0
"Triacanthella intermedia","ocelli","8",100
"Triacanthella intermedia","ocelli","absent",0
"Triacanthella intermedia","pigmentation","absent",0
"Triacanthella intermedia","pigmentation","present",100
"Triacanthella intermedia","post_antennal_organ","absent",0
"Triacanthella intermedia","post_antennal_organ","present",100
"Triacanthella intermedia","reproduction","asexual",50
"Triacanthella intermedia","reproduction","sexual",50
"Triacanthella intermedia","scales","absent",100
"Triacanthella intermedia","scales","present",0
"Willemia denisi","body_shape","cylindrical",100
"Willemia denisi","body_shape","spherical",0
"Willemia denisi","furca","absent",100
"Willemia denisi","furca","present",0
"Willemia denisi","ocelli","1_3",0
"Willemia denisi","ocelli","4_7",0
"Willemia denisi","ocelli","8",0
"Willemia denisi","ocelli","absent",100
"Willemia denisi","pigmentation","absent",100
"Willemia denisi","pigmentation","present",0
"Willemia denisi","post_antennal_organ","absent",0
"Willemia denisi","post_antennal_organ","present",100
"Willemia denisi","scales","absent",100
"Willemia denisi","scales","present",0
"Willemia intermedia","body_shape","cylindrical",100
"Willemia intermedia","body_shape","spherical",0
"Willemia intermedia","furca","absent",100
"Willemia intermedia","furca","present",0
"Willemia intermedia","ocelli","1_3",0
"Willemia intermedia","ocelli","4_7",0
"Willemia intermedia","ocelli","8",0
"Willemia intermedia","ocelli","absent",100
"Willemia intermedia","pigmentation","absent",100
"Willemia intermedia","pigmentation","present",0
"Willemia intermedia","post_antennal_organ","absent",0
"Willemia intermedia","post_antennal_organ","present",100
"Willemia intermedia","scales","absent",100
"Willemia intermedia","scales","present",0
"Willemia scandinavica","body_shape","cylindrical",100
"Willemia scandinavica","body_shape","spherical",0
"Willemia scandinavica","furca","absent",100
"Willemia scandinavica","furca","present",0
"Willemia scandinavica","ocelli","1_3",0
"Willemia scandinavica","ocelli","4_7",0
"Willemia scandinavica","ocelli","8",0
"Willemia scandinavica","ocelli","absent",100
"Willemia scandinavica","pigmentation","absent",100
"Willemia scandinavica","pigmentation","present",0
"Willemia scandinavica","post_antennal_organ","absent",0
"Willemia scandinavica","post_antennal_organ","present",100
"Willemia scandinavica","reproduction","asexual",100
"Willemia scandinavica","reproduction","sexual",0
"Willemia scandinavica","scales","absent",100
"Willemia scandinavica","scales","present",0
"Xenylla humicola","body_shape","cylindrical",100
"Xenylla humicola","body_shape","spherical",0
"Xenylla humicola","furca","absent",0
"Xenylla humicola","furca","present",100
"Xenylla humicola","ocelli","1_3",0
"Xenylla humicola","ocelli","4_7",100
"Xenylla humicola","ocelli","8",0
"Xenylla humicola","ocelli","absent",0
"Xenylla humicola","pigmentation","absent",0
"Xenylla humicola","pigmentation","present",100
"Xenylla humicola","post_antennal_organ","absent",100
"Xenylla humicola","post_antennal_organ","present",0
"Xenylla humicola","reproduction","asexual",0
"Xenylla humicola","reproduction","sexual",100
"Xenylla humicola","scales","absent",100
"Xenylla humicola","scales","present",0
"Xenylla tullbergi","body_shape","cylindrical",100
"Xenylla tullbergi","body_shape","spherical",0
"Xenylla tullbergi","furca","absent",0
"Xenylla tullbergi","furca","present",100
"Xenylla tullbergi","ocelli","1_3",0
"Xenylla tullbergi","ocelli","4_7",100
"Xenylla tullbergi","ocelli","8",0
"Xenylla tullbergi","ocelli","absent",0
"Xenylla tullbergi","pigmentation","absent",0
"Xenylla tullbergi","pigmentation","present",100
"Xenylla tullbergi","post_antennal_organ","absent",100
"Xenylla tullbergi","post_antennal_organ","present",0
"Xenylla tullbergi","scales","absent",100
"Xenylla tullbergi","scales","present",0
"Xenylla welchi","body_shape","cylindrical",100
"Xenylla welchi","body_shape","spherical",0
"Xenylla welchi","ocelli","1_3",0
"Xenylla welchi","ocelli","4_7",100
"Xenylla welchi","ocelli","8",0
"Xenylla welchi","ocelli","absent",0
"Xenylla welchi","pigmentation","absent",0
"Xenylla welchi","pigmentation","present",100
"Xenylla welchi","post_antennal_organ","absent",0
"Xenylla welchi","post_antennal_organ","present",100
"Xenylla welchi","reproduction","asexual",0
"Xenylla welchi","reproduction","sexual",100
"Xenylla welchi","scales","absent",100
"Xenylla welchi","scales","present",0
"Xenyllodes armatus","body_shape","cylindrical",100
"Xenyllodes armatus","body_shape","spherical",0
"Xenyllodes armatus","furca","absent",0
"Xenyllodes armatus","furca","present",100
"Xenyllodes armatus","ocelli","1_3",0
"Xenyllodes armatus","ocelli","4_7",100
"Xenyllodes armatus","ocelli","8",0
"Xenyllodes armatus","ocelli","absent",0
"Xenyllodes armatus","pigmentation","absent",0
"Xenyllodes armatus","pigmentation","present",100
"Xenyllodes armatus","post_antennal_organ","absent",100
"Xenyllodes armatus","post_antennal_organ","present",0
"Xenyllodes armatus","reproduction","asexual",50
"Xenyllodes armatus","reproduction","sexual",50
"Xenyllodes armatus","scales","absent",100
"Xenyllodes armatus","scales","present",0
